frame,timestamp_sec,emotion,emotions_detail
0,0.0,sad,"{""angry"": 2.3094301223754883, ""disgust"": 0.005079246591776609, ""fear"": 34.42109680175781, ""happy"": 0.38450896739959717, ""sad"": 46.78655242919922, ""surprise"": 1.2482092870413908e-07, ""neutral"": 16.093332290649414}"
5,0.21055291194677223,fear,"{""angry"": 7.6076483726501465, ""disgust"": 0.017497746273875237, ""fear"": 45.39897918701172, ""happy"": 3.2315447330474854, ""sad"": 34.05543518066406, ""surprise"": 1.7757275827534613e-07, ""neutral"": 9.68889331817627}"
10,0.42110582389354445,angry,"{""angry"": 60.971927642822266, ""disgust"": 0.004462988581508398, ""fear"": 9.743796348571777, ""happy"": 3.8739781379699707, ""sad"": 13.908089637756348, ""surprise"": 1.7111284478232847e-06, ""neutral"": 11.497739791870117}"
15,0.6316587358403166,angry,"{""angry"": 81.37647247314453, ""disgust"": 0.002408633241429925, ""fear"": 2.4222724437713623, ""happy"": 6.635949611663818, ""sad"": 2.4037857055664062, ""surprise"": 3.157899527650443e-06, ""neutral"": 7.159110069274902}"
20,0.8422116477870889,angry,"{""angry"": 47.878536224365234, ""disgust"": 0.014793207868933678, ""fear"": 7.578591346740723, ""happy"": 4.08192253112793, ""sad"": 20.466310501098633, ""surprise"": 1.6466376109747216e-05, ""neutral"": 19.979825973510742}"
25,1.052764559733861,sad,"{""angry"": 27.915325164794922, ""disgust"": 0.024655606597661972, ""fear"": 7.635935306549072, ""happy"": 7.8680195808410645, ""sad"": 34.446041107177734, ""surprise"": 1.2713508112938143e-05, ""neutral"": 22.110008239746094}"
30,1.2633174716806332,happy,"{""angry"": 2.0591890811920166, ""disgust"": 0.04291989281773567, ""fear"": 3.1637120246887207, ""happy"": 85.93354034423828, ""sad"": 8.27331256866455, ""surprise"": 5.359243573366257e-07, ""neutral"": 0.5273206830024719}"
35,1.4738703836274056,happy,"{""angry"": 0.017191093415021896, ""disgust"": 0.00010222714627161622, ""fear"": 0.02565249614417553, ""happy"": 99.84574127197266, ""sad"": 0.11124514788389206, ""surprise"": 4.185845892124007e-09, ""neutral"": 6.184296944411471e-05}"
40,1.6844232955741778,happy,"{""angry"": 0.0008539067348465323, ""disgust"": 6.516650500998367e-06, ""fear"": 0.0009908165084198117, ""happy"": 99.98527526855469, ""sad"": 0.012862100265920162, ""surprise"": 1.3185219582823038e-10, ""neutral"": 6.38050960333203e-06}"
45,1.89497620752095,happy,"{""angry"": 0.013548455201089382, ""disgust"": 9.376281923323404e-06, ""fear"": 4.5423945266520604e-05, ""happy"": 99.98603820800781, ""sad"": 9.090504318010062e-05, ""surprise"": 4.527272168264318e-10, ""neutral"": 0.00027710001450031996}"
50,2.105529119467722,happy,"{""angry"": 5.540769100189209, ""disgust"": 0.0010797485010698438, ""fear"": 0.02056117169559002, ""happy"": 94.42164611816406, ""sad"": 0.002115577692165971, ""surprise"": 8.462927070240767e-08, ""neutral"": 0.013820555992424488}"
55,2.3160820314144943,angry,"{""angry"": 98.08917999267578, ""disgust"": 6.767862032575067e-06, ""fear"": 0.017059825360774994, ""happy"": 0.7791247963905334, ""sad"": 0.018177155405282974, ""surprise"": 1.3697478607355151e-05, ""neutral"": 1.096439242362976}"
60,2.5266349433612665,neutral,"{""angry"": 0.28721097111701965, ""disgust"": 2.5554605599609204e-05, ""fear"": 0.04522860050201416, ""happy"": 0.014504204504191875, ""sad"": 0.00153350830078125, ""surprise"": 0.01752476952970028, ""neutral"": 99.63396453857422}"
65,2.737187855308039,neutral,"{""angry"": 0.006419401150196791, ""disgust"": 3.405691677471623e-05, ""fear"": 0.7205158472061157, ""happy"": 0.07422522455453873, ""sad"": 0.0007220979314297438, ""surprise"": 0.41606611013412476, ""neutral"": 98.78201293945312}"
70,2.9477407672548113,neutral,"{""angry"": 0.06878688186407089, ""disgust"": 0.00015790591714903712, ""fear"": 2.8742380142211914, ""happy"": 0.02012222819030285, ""sad"": 0.0004961445811204612, ""surprise"": 1.0946470499038696, ""neutral"": 95.9415512084961}"
75,3.1582936792015834,neutral,"{""angry"": 0.06590604037046432, ""disgust"": 0.00015192991122603416, ""fear"": 2.5610485076904297, ""happy"": 0.019190289080142975, ""sad"": 0.000500752532389015, ""surprise"": 0.9516222476959229, ""neutral"": 96.40158081054688}"
80,3.3688465911483556,neutral,"{""angry"": 0.3599872589111328, ""disgust"": 0.03473063185811043, ""fear"": 7.57546854019165, ""happy"": 0.06808629631996155, ""sad"": 0.1403862088918686, ""surprise"": 0.4516759514808655, ""neutral"": 91.36966705322266}"
85,3.5793995030951278,neutral,"{""angry"": 0.16374541819095612, ""disgust"": 0.07123953849077225, ""fear"": 5.561470031738281, ""happy"": 18.083032608032227, ""sad"": 5.190742015838623, ""surprise"": 0.09136305004358292, ""neutral"": 70.83840942382812}"
90,3.7899524150419,neutral,"{""angry"": 0.38715818524360657, ""disgust"": 0.011367340572178364, ""fear"": 1.151406168937683, ""happy"": 5.554174423217773, ""sad"": 9.385250091552734, ""surprise"": 0.002053879899904132, ""neutral"": 83.50859069824219}"
95,4.000505326988672,neutral,"{""angry"": 0.2402595728635788, ""disgust"": 4.839542452828027e-05, ""fear"": 0.25567427277565, ""happy"": 5.004180431365967, ""sad"": 4.884481430053711, ""surprise"": 0.000586901674978435, ""neutral"": 89.6147689819336}"
100,4.211058238935444,neutral,"{""angry"": 0.12553708255290985, ""disgust"": 1.5725750927231275e-05, ""fear"": 0.3860693871974945, ""happy"": 1.0900087356567383, ""sad"": 9.31289291381836, ""surprise"": 0.0002286343660671264, ""neutral"": 89.08524322509766}"
105,4.4216111508822165,sad,"{""angry"": 0.026728620752692223, ""disgust"": 0.024291470646858215, ""fear"": 0.2366621494293213, ""happy"": 1.3219064474105835, ""sad"": 95.56523132324219, ""surprise"": 0.0001423081266693771, ""neutral"": 2.8250434398651123}"
110,4.632164062828989,sad,"{""angry"": 1.0434455871582031, ""disgust"": 0.2986600995063782, ""fear"": 1.7101274728775024, ""happy"": 0.00863843597471714, ""sad"": 96.32112884521484, ""surprise"": 0.0017153689404949546, ""neutral"": 0.6162876486778259}"
115,4.842716974775761,sad,"{""angry"": 3.3475260734558105, ""disgust"": 0.061617784202098846, ""fear"": 3.5360023975372314, ""happy"": 0.06283605098724365, ""sad"": 86.5439453125, ""surprise"": 0.02755054086446762, ""neutral"": 6.420528888702393}"
120,5.053269886722533,sad,"{""angry"": 7.98948860168457, ""disgust"": 0.11349070072174072, ""fear"": 11.332636833190918, ""happy"": 0.08254683017730713, ""sad"": 70.77007293701172, ""surprise"": 0.23293432593345642, ""neutral"": 9.478830337524414}"
125,5.263822798669306,sad,"{""angry"": 13.818937301635742, ""disgust"": 0.6386132836341858, ""fear"": 10.708681106567383, ""happy"": 0.0840240940451622, ""sad"": 63.84640884399414, ""surprise"": 0.4580383896827698, ""neutral"": 10.445297241210938}"
130,5.474375710616078,neutral,"{""angry"": 2.830552101135254, ""disgust"": 0.0006029501091688871, ""fear"": 1.243340015411377, ""happy"": 0.09674875438213348, ""sad"": 7.373129367828369, ""surprise"": 0.027054492384195328, ""neutral"": 88.4285659790039}"
135,5.68492862256285,fear,"{""angry"": 29.414552688598633, ""disgust"": 0.03152376785874367, ""fear"": 33.660709381103516, ""happy"": 0.028335927054286003, ""sad"": 12.754534721374512, ""surprise"": 1.0842169523239136, ""neutral"": 23.0261287689209}"
140,5.8954815345096225,fear,"{""angry"": 18.06138801574707, ""disgust"": 0.6901586055755615, ""fear"": 55.46646499633789, ""happy"": 0.20962408185005188, ""sad"": 2.9427754878997803, ""surprise"": 21.373125076293945, ""neutral"": 1.2564570903778076}"
145,6.106034446456395,surprise,"{""angry"": 0.004183231852948666, ""disgust"": 2.0578806925186655e-06, ""fear"": 3.4233007431030273, ""happy"": 0.011367321014404297, ""sad"": 9.705391858005896e-05, ""surprise"": 96.56102752685547, ""neutral"": 2.7844014766742475e-05}"
150,6.316587358403167,surprise,"{""angry"": 0.0017818346386775374, ""disgust"": 4.183356395515148e-06, ""fear"": 2.3302597999572754, ""happy"": 0.002518237801268697, ""sad"": 1.2409671398927458e-05, ""surprise"": 97.66542053222656, ""neutral"": 7.1888957791088615e-06}"
155,6.527140270349939,surprise,"{""angry"": 0.0009542200132273138, ""disgust"": 3.3359792723786086e-06, ""fear"": 1.442626953125, ""happy"": 0.0006788783357478678, ""sad"": 9.876669537334237e-06, ""surprise"": 98.55572509765625, ""neutral"": 2.4082571599137736e-06}"
160,6.737693182296711,surprise,"{""angry"": 0.37924739718437195, ""disgust"": 7.589222406068075e-08, ""fear"": 4.982363224029541, ""happy"": 0.0003600690688472241, ""sad"": 0.014950639568269253, ""surprise"": 94.62239074707031, ""neutral"": 0.0006872769445180893}"
165,6.948246094243483,fear,"{""angry"": 0.8697717189788818, ""disgust"": 2.2648916162687494e-12, ""fear"": 96.25646209716797, ""happy"": 2.9091231112943206e-07, ""sad"": 3.9153663237812e-05, ""surprise"": 2.8737361431121826, ""neutral"": 1.0825493035326872e-07}"
170,7.1587990061902556,angry,"{""angry"": 83.62193298339844, ""disgust"": 1.64923767442815e-05, ""fear"": 6.299279689788818, ""happy"": 0.007302550133317709, ""sad"": 0.0121766934171319, ""surprise"": 10.042520523071289, ""neutral"": 0.0167661365121603}"
175,7.369351918137028,fear,"{""angry"": 0.9881112575531006, ""disgust"": 2.904863460884144e-09, ""fear"": 98.75177764892578, ""happy"": 0.023071913048624992, ""sad"": 9.292594995713443e-07, ""surprise"": 0.23704130947589874, ""neutral"": 1.5090736269485205e-06}"
180,7.5799048300838,fear,"{""angry"": 0.039282459765672684, ""disgust"": 1.3417705980645523e-15, ""fear"": 99.9607162475586, ""happy"": 2.0438491787899693e-08, ""sad"": 2.610012249729121e-12, ""surprise"": 3.687852467848529e-09, ""neutral"": 2.6445950447308254e-15}"
185,7.790457742030572,sad,"{""angry"": 13.903125762939453, ""disgust"": 0.02815992571413517, ""fear"": 24.202739715576172, ""happy"": 0.0950542613863945, ""sad"": 46.423912048339844, ""surprise"": 0.2861557900905609, ""neutral"": 15.060853958129883}"
190,8.001010653977344,neutral,"{""angry"": 8.02664852142334, ""disgust"": 0.00103805644903332, ""fear"": 4.371557712554932, ""happy"": 0.0055119008757174015, ""sad"": 22.87950325012207, ""surprise"": 0.00521913031116128, ""neutral"": 64.71051788330078}"
195,8.211563565924116,sad,"{""angry"": 1.4816856384277344, ""disgust"": 5.406476338976063e-05, ""fear"": 1.5942493677139282, ""happy"": 0.00029075564816594124, ""sad"": 55.6422004699707, ""surprise"": 0.004590881522744894, ""neutral"": 41.27693176269531}"
200,8.422116477870889,sad,"{""angry"": 3.8956046104431152, ""disgust"": 2.9479582735802978e-05, ""fear"": 21.2911434173584, ""happy"": 0.001204627682454884, ""sad"": 68.18436431884766, ""surprise"": 0.004114076495170593, ""neutral"": 6.623540878295898}"
205,8.63266938981766,neutral,"{""angry"": 1.7460124492645264, ""disgust"": 0.00023157733085099608, ""fear"": 1.6194881200790405, ""happy"": 1.1851876974105835, ""sad"": 6.05331563949585, ""surprise"": 0.00269005517475307, ""neutral"": 89.39307403564453}"
210,8.843222301764433,neutral,"{""angry"": 0.14405040442943573, ""disgust"": 4.699074452219065e-06, ""fear"": 7.60960578918457, ""happy"": 0.3217344284057617, ""sad"": 3.0486440658569336, ""surprise"": 0.0100267818197608, ""neutral"": 88.86592864990234}"
215,9.053775213711205,sad,"{""angry"": 1.201935052871704, ""disgust"": 0.006487673614174128, ""fear"": 32.32511520385742, ""happy"": 0.09857364743947983, ""sad"": 42.76806640625, ""surprise"": 0.0028887856751680374, ""neutral"": 23.596933364868164}"
220,9.264328125657977,sad,"{""angry"": 0.9830939769744873, ""disgust"": 0.007010975852608681, ""fear"": 48.597896575927734, ""happy"": 0.01219659112393856, ""sad"": 49.7674560546875, ""surprise"": 0.00034301538835279644, ""neutral"": 0.6320018172264099}"
225,9.47488103760475,fear,"{""angry"": 3.0056726932525635, ""disgust"": 0.05460524186491966, ""fear"": 70.74559783935547, ""happy"": 0.4778808057308197, ""sad"": 23.328832626342773, ""surprise"": 0.2551359236240387, ""neutral"": 2.1322813034057617}"
230,9.685433949551522,fear,"{""angry"": 0.18139825761318207, ""disgust"": 1.7119493350037374e-05, ""fear"": 68.1374282836914, ""happy"": 9.055046393768862e-05, ""sad"": 31.554716110229492, ""surprise"": 0.0019487711833789945, ""neutral"": 0.12440596520900726}"
235,9.895986861498294,fear,"{""angry"": 0.1813291758298874, ""disgust"": 0.0006040879525244236, ""fear"": 86.82262420654297, ""happy"": 0.000430826359661296, ""sad"": 12.604166984558105, ""surprise"": 0.0004703753220383078, ""neutral"": 0.39038074016571045}"
240,10.106539773445066,neutral,"{""angry"": 16.48572540283203, ""disgust"": 0.03601571545004845, ""fear"": 0.08058541268110275, ""happy"": 0.02236010693013668, ""sad"": 36.891143798828125, ""surprise"": 0.00043043523328378797, ""neutral"": 46.483734130859375}"
245,10.31709268539184,neutral,"{""angry"": 29.327665328979492, ""disgust"": 0.26487940549850464, ""fear"": 1.9149129390716553, ""happy"": 0.0014753842260688543, ""sad"": 19.646087646484375, ""surprise"": 0.09287656843662262, ""neutral"": 48.752105712890625}"
250,10.527645597338612,angry,"{""angry"": 55.728328704833984, ""disgust"": 2.7217633724212646, ""fear"": 35.11005783081055, ""happy"": 1.5417689085006714, ""sad"": 0.791472852230072, ""surprise"": 0.0012627380201593041, ""neutral"": 4.105349540710449}"
255,10.738198509285384,fear,"{""angry"": 4.436914920806885, ""disgust"": 0.022317059338092804, ""fear"": 35.70503616333008, ""happy"": 0.01145690307021141, ""sad"": 27.01647186279297, ""surprise"": 0.04986904561519623, ""neutral"": 32.757938385009766}"
260,10.948751421232156,fear,"{""angry"": 2.421205997467041, ""disgust"": 0.03706216812133789, ""fear"": 90.71214294433594, ""happy"": 0.08320645242929459, ""sad"": 3.5181150436401367, ""surprise"": 0.6336303949356079, ""neutral"": 2.594632148742676}"
265,11.159304333178929,fear,"{""angry"": 7.823087215423584, ""disgust"": 7.953461170196533, ""fear"": 67.33065795898438, ""happy"": 2.5300850868225098, ""sad"": 9.7320556640625, ""surprise"": 0.6508200168609619, ""neutral"": 3.9798293113708496}"
270,11.3698572451257,fear,"{""angry"": 24.35980796813965, ""disgust"": 9.55617904663086, ""fear"": 33.01062774658203, ""happy"": 0.23848707973957062, ""sad"": 17.0579776763916, ""surprise"": 4.978908061981201, ""neutral"": 10.79801082611084}"
275,11.580410157072473,happy,"{""angry"": 8.4244265963207e-07, ""disgust"": 5.118626453004841e-15, ""fear"": 4.48788384233012e-09, ""happy"": 99.83745574951172, ""sad"": 6.349055752252752e-07, ""surprise"": 0.0005032410845160484, ""neutral"": 0.16203927993774414}"
280,11.790963069019245,happy,"{""angry"": 1.4229699729639833e-07, ""disgust"": 5.513877966577708e-16, ""fear"": 3.298090966996625e-10, ""happy"": 99.98455047607422, ""sad"": 4.3649169612081096e-08, ""surprise"": 2.8465847208281048e-05, ""neutral"": 0.015413976274430752}"
285,12.001515980966017,happy,"{""angry"": 4.9942336772801355e-06, ""disgust"": 1.3081882582408055e-12, ""fear"": 7.198348725978576e-07, ""happy"": 98.93099212646484, ""sad"": 4.718749187304638e-05, ""surprise"": 0.0032866366673260927, ""neutral"": 1.0656689405441284}"
290,12.21206889291279,happy,"{""angry"": 2.059618509520078e-06, ""disgust"": 8.272021847881283e-13, ""fear"": 3.68629071090254e-06, ""happy"": 99.20043182373047, ""sad"": 8.854137558955699e-05, ""surprise"": 0.0019731095526367426, ""neutral"": 0.7974954843521118}"
295,12.422621804859562,happy,"{""angry"": 5.283852442516945e-05, ""disgust"": 1.3854123404044572e-09, ""fear"": 4.0018317122303415e-06, ""happy"": 99.85700225830078, ""sad"": 5.574742681346834e-05, ""surprise"": 7.394186104647815e-05, ""neutral"": 0.14281900227069855}"
300,12.633174716806334,happy,"{""angry"": 0.0014739854959771037, ""disgust"": 2.9390175768639892e-05, ""fear"": 0.00033660302869975567, ""happy"": 97.33624267578125, ""sad"": 0.013456964865326881, ""surprise"": 0.0003701031091623008, ""neutral"": 2.6480908393859863}"
305,12.843727628753106,happy,"{""angry"": 0.1615014225244522, ""disgust"": 0.00022777673439122736, ""fear"": 0.005613191053271294, ""happy"": 95.08531951904297, ""sad"": 0.08087825775146484, ""surprise"": 0.0036029373295605183, ""neutral"": 4.6628594398498535}"
310,13.054280540699878,happy,"{""angry"": 0.00017212680540978909, ""disgust"": 2.8983055538889246e-11, ""fear"": 1.625917889214179e-06, ""happy"": 99.86697387695312, ""sad"": 0.0026596023235470057, ""surprise"": 0.0800524353981018, ""neutral"": 0.050140056759119034}"
315,13.26483345264665,happy,"{""angry"": 0.02957114763557911, ""disgust"": 1.9347942725289613e-05, ""fear"": 0.00913827121257782, ""happy"": 99.33094787597656, ""sad"": 0.02066214568912983, ""surprise"": 0.3075689971446991, ""neutral"": 0.3020838499069214}"
320,13.475386364593422,happy,"{""angry"": 0.01442702580243349, ""disgust"": 1.307215029555664e-07, ""fear"": 0.00014179399295244366, ""happy"": 99.97208404541016, ""sad"": 0.0007535367039963603, ""surprise"": 0.000598590646404773, ""neutral"": 0.011992644518613815}"
325,13.685939276540195,fear,"{""angry"": 0.0670330673456192, ""disgust"": 9.062712602939116e-13, ""fear"": 99.44253540039062, ""happy"": 0.008918775245547295, ""sad"": 0.4780537188053131, ""surprise"": 4.620735126081854e-06, ""neutral"": 0.003460000501945615}"
330,13.896492188486967,fear,"{""angry"": 0.0004585834685713053, ""disgust"": 6.770266849465638e-17, ""fear"": 99.69549560546875, ""happy"": 1.0294101002727984e-06, ""sad"": 0.2825990617275238, ""surprise"": 6.585839651407355e-10, ""neutral"": 0.021448511630296707}"
335,14.107045100433739,fear,"{""angry"": 2.24619398068171e-05, ""disgust"": 4.522303037578239e-20, ""fear"": 99.34444427490234, ""happy"": 2.9077493884921424e-11, ""sad"": 0.65407794713974, ""surprise"": 1.5324683796252847e-12, ""neutral"": 0.0014497209340333939}"
340,14.317598012380511,fear,"{""angry"": 0.001217131968587637, ""disgust"": 1.250869796198123e-14, ""fear"": 68.52008819580078, ""happy"": 1.1996272064607183e-07, ""sad"": 31.376436233520508, ""surprise"": 3.749326626945049e-09, ""neutral"": 0.10225652158260345}"
345,14.528150924327283,fear,"{""angry"": 0.00035540241515263915, ""disgust"": 9.61453630604495e-15, ""fear"": 65.66734313964844, ""happy"": 2.539138677093433e-07, ""sad"": 34.304019927978516, ""surprise"": 7.761882692136624e-09, ""neutral"": 0.028282197192311287}"
350,14.738703836274055,happy,"{""angry"": 1.7916405200958252, ""disgust"": 1.270917296409607, ""fear"": 8.572773933410645, ""happy"": 49.10652160644531, ""sad"": 15.933145523071289, ""surprise"": 0.0031899777241051197, ""neutral"": 23.32181739807129}"
355,14.949256748220828,fear,"{""angry"": 11.91052532196045, ""disgust"": 0.15317414700984955, ""fear"": 33.74760055541992, ""happy"": 24.540510177612305, ""sad"": 13.729461669921875, ""surprise"": 0.0008664042106829584, ""neutral"": 15.917865753173828}"
360,15.1598096601676,fear,"{""angry"": 17.27578353881836, ""disgust"": 9.040278434753418, ""fear"": 25.856311798095703, ""happy"": 4.942372798919678, ""sad"": 18.20054817199707, ""surprise"": 0.3376319706439972, ""neutral"": 24.34706687927246}"
365,15.370362572114372,neutral,"{""angry"": 6.0752949714660645, ""disgust"": 0.4236483573913574, ""fear"": 6.898306369781494, ""happy"": 1.7446174621582031, ""sad"": 15.146854400634766, ""surprise"": 0.16312013566493988, ""neutral"": 69.54816436767578}"
370,15.580915484061144,happy,"{""angry"": 18.2417049407959, ""disgust"": 1.6280280351638794, ""fear"": 10.262552261352539, ""happy"": 31.97227668762207, ""sad"": 14.60926628112793, ""surprise"": 0.25027936697006226, ""neutral"": 23.035892486572266}"
375,15.791468396007916,happy,"{""angry"": 12.517823219299316, ""disgust"": 1.9007689952850342, ""fear"": 8.335814476013184, ""happy"": 28.13289451599121, ""sad"": 28.00806999206543, ""surprise"": 0.005370585713535547, ""neutral"": 21.09925079345703}"
380,16.00202130795469,neutral,"{""angry"": 16.065059661865234, ""disgust"": 0.00479423813521862, ""fear"": 1.6199909448623657, ""happy"": 0.1155792772769928, ""sad"": 11.361236572265625, ""surprise"": 0.006713483948260546, ""neutral"": 70.82662200927734}"
385,16.212574219901462,neutral,"{""angry"": 18.14656639099121, ""disgust"": 0.02546142414212227, ""fear"": 8.37288761138916, ""happy"": 15.669071197509766, ""sad"": 11.40086841583252, ""surprise"": 0.0005185023183003068, ""neutral"": 46.38462829589844}"
390,16.423127131848233,neutral,"{""angry"": 20.134151458740234, ""disgust"": 0.24952459335327148, ""fear"": 0.21009112894535065, ""happy"": 4.257946968078613, ""sad"": 23.254056930541992, ""surprise"": 0.0010959639912471175, ""neutral"": 51.893131256103516}"
395,16.633680043795007,neutral,"{""angry"": 24.44318962097168, ""disgust"": 7.668460369110107, ""fear"": 0.5431712865829468, ""happy"": 2.2553439140319824, ""sad"": 25.55014419555664, ""surprise"": 0.007151981815695763, ""neutral"": 39.532535552978516}"
400,16.844232955741777,neutral,"{""angry"": 0.5000393390655518, ""disgust"": 0.12556159496307373, ""fear"": 4.074596881866455, ""happy"": 15.269618034362793, ""sad"": 11.104384422302246, ""surprise"": 0.0025489081162959337, ""neutral"": 68.92325592041016}"
405,17.05478586768855,happy,"{""angry"": 3.3221919536590576, ""disgust"": 0.06903011351823807, ""fear"": 0.7904000282287598, ""happy"": 54.515010833740234, ""sad"": 9.341192245483398, ""surprise"": 0.002363591454923153, ""neutral"": 31.95980453491211}"
410,17.26533877963532,fear,"{""angry"": 2.6877806186676025, ""disgust"": 6.894487887620926e-05, ""fear"": 42.605621337890625, ""happy"": 0.029456527903676033, ""sad"": 42.00864028930664, ""surprise"": 0.013845170848071575, ""neutral"": 12.654586791992188}"
415,17.475891691582095,fear,"{""angry"": 10.128847122192383, ""disgust"": 0.008876226842403412, ""fear"": 63.7178955078125, ""happy"": 0.20724675059318542, ""sad"": 16.600828170776367, ""surprise"": 2.8007452487945557, ""neutral"": 6.535558223724365}"
420,17.686444603528866,neutral,"{""angry"": 3.349456310272217, ""disgust"": 0.020661069080233574, ""fear"": 24.818532943725586, ""happy"": 2.978681802749634, ""sad"": 8.494854927062988, ""surprise"": 0.4769134819507599, ""neutral"": 59.860897064208984}"
425,17.89699751547564,sad,"{""angry"": 1.2229920625686646, ""disgust"": 0.0007709030760452151, ""fear"": 20.231801986694336, ""happy"": 0.42239251732826233, ""sad"": 53.92470932006836, ""surprise"": 0.015482335351407528, ""neutral"": 24.18185043334961}"
430,18.10755042742241,sad,"{""angry"": 1.3957486152648926, ""disgust"": 0.05260717496275902, ""fear"": 39.29600524902344, ""happy"": 2.726628541946411, ""sad"": 41.98704528808594, ""surprise"": 0.09190534800291061, ""neutral"": 14.450054168701172}"
435,18.318103339369184,sad,"{""angry"": 1.6282035112380981, ""disgust"": 1.6257166862487793, ""fear"": 30.409557342529297, ""happy"": 2.378148317337036, ""sad"": 43.29432678222656, ""surprise"": 0.031093647703528404, ""neutral"": 20.63295555114746}"
440,18.528656251315955,neutral,"{""angry"": 0.03941148892045021, ""disgust"": 0.0011904678540304303, ""fear"": 10.604084968566895, ""happy"": 32.54458236694336, ""sad"": 0.25863417983055115, ""surprise"": 0.05888016149401665, ""neutral"": 56.49321746826172}"
445,18.73920916326273,happy,"{""angry"": 0.06287258863449097, ""disgust"": 0.035695113241672516, ""fear"": 6.843655586242676, ""happy"": 77.97359466552734, ""sad"": 1.410987377166748, ""surprise"": 0.0076714809983968735, ""neutral"": 13.665519714355469}"
450,18.9497620752095,fear,"{""angry"": 0.5141870975494385, ""disgust"": 0.0003087656223215163, ""fear"": 69.81462860107422, ""happy"": 3.9134366512298584, ""sad"": 5.193800926208496, ""surprise"": 0.17417365312576294, ""neutral"": 20.389467239379883}"
455,19.160314987156273,happy,"{""angry"": 0.00011886789434356615, ""disgust"": 2.785175645669824e-09, ""fear"": 1.9923537308841333e-07, ""happy"": 99.67643737792969, ""sad"": 0.00024043480516411364, ""surprise"": 0.0009481391170993447, ""neutral"": 0.32226139307022095}"
460,19.370867899103043,neutral,"{""angry"": 0.30560606718063354, ""disgust"": 0.002177841728553176, ""fear"": 0.20025111734867096, ""happy"": 0.20889084041118622, ""sad"": 2.561769962310791, ""surprise"": 2.835672378540039, ""neutral"": 93.88562774658203}"
465,19.581420811049817,neutral,"{""angry"": 1.0231126546859741, ""disgust"": 0.0031046238727867603, ""fear"": 0.6759169697761536, ""happy"": 11.263971328735352, ""sad"": 4.079371452331543, ""surprise"": 6.448575019836426, ""neutral"": 76.50595092773438}"
470,19.791973722996588,neutral,"{""angry"": 0.2369106560945511, ""disgust"": 0.0005238212179392576, ""fear"": 0.21613088250160217, ""happy"": 30.85755729675293, ""sad"": 2.399723768234253, ""surprise"": 21.553319931030273, ""neutral"": 44.735836029052734}"
475,20.00252663494336,happy,"{""angry"": 0.01362890750169754, ""disgust"": 8.429167053236597e-08, ""fear"": 7.284236907958984, ""happy"": 92.59154510498047, ""sad"": 0.03954622521996498, ""surprise"": 0.04279513284564018, ""neutral"": 0.02824551798403263}"
480,20.213079546890132,fear,"{""angry"": 0.1330375373363495, ""disgust"": 0.0004966420237906277, ""fear"": 50.200279235839844, ""happy"": 0.8274009227752686, ""sad"": 0.027615614235401154, ""surprise"": 41.20738220214844, ""neutral"": 7.603792667388916}"
485,20.423632458836906,surprise,"{""angry"": 7.621889924758207e-11, ""disgust"": 1.1136195585012457e-19, ""fear"": 0.02228780835866928, ""happy"": 3.1482802569371415e-06, ""sad"": 1.312582854906541e-11, ""surprise"": 99.97771453857422, ""neutral"": 1.0327689766755077e-14}"
490,20.63418537078368,surprise,"{""angry"": 1.2069094335043218e-10, ""disgust"": 2.985433135302296e-17, ""fear"": 0.08992056548595428, ""happy"": 1.808125631441726e-07, ""sad"": 9.92718462988762e-10, ""surprise"": 99.91007995605469, ""neutral"": 1.0443316540318867e-14}"
495,20.84473828273045,surprise,"{""angry"": 0.000774983549490571, ""disgust"": 3.4261533610191464e-09, ""fear"": 2.501612424850464, ""happy"": 2.798598051071167, ""sad"": 4.030398849863559e-05, ""surprise"": 94.69890594482422, ""neutral"": 6.643489905400202e-05}"
500,21.055291194677224,fear,"{""angry"": 0.33477506041526794, ""disgust"": 0.03384058177471161, ""fear"": 54.95795440673828, ""happy"": 0.07589641213417053, ""sad"": 0.5904038548469543, ""surprise"": 43.75360870361328, ""neutral"": 0.25352784991264343}"
505,21.265844106623994,surprise,"{""angry"": 3.0219400315445455e-08, ""disgust"": 1.8243116361788323e-16, ""fear"": 0.33227211236953735, ""happy"": 0.00015723826072644442, ""sad"": 1.2788549774711555e-08, ""surprise"": 99.66757202148438, ""neutral"": 2.4012122585431728e-12}"
510,21.47639701857077,surprise,"{""angry"": 0.6051583886146545, ""disgust"": 0.033234547823667526, ""fear"": 33.25133514404297, ""happy"": 1.6929079294204712, ""sad"": 0.1251484900712967, ""surprise"": 64.28297424316406, ""neutral"": 0.009249131195247173}"
515,21.68694993051754,surprise,"{""angry"": 0.0003009627398569137, ""disgust"": 5.130459168611878e-09, ""fear"": 2.3746631145477295, ""happy"": 0.5790375471115112, ""sad"": 0.00031034433050081134, ""surprise"": 97.04562377929688, ""neutral"": 6.870239303680137e-05}"
520,21.897502842464313,surprise,"{""angry"": 2.031450033187866, ""disgust"": 0.11737895756959915, ""fear"": 6.125230312347412, ""happy"": 0.009026256389915943, ""sad"": 0.12037350982427597, ""surprise"": 91.58910369873047, ""neutral"": 0.007437410764396191}"
525,22.108055754411083,surprise,"{""angry"": 14.348623275756836, ""disgust"": 0.8074555993080139, ""fear"": 37.10770034790039, ""happy"": 0.09045694768428802, ""sad"": 6.441232204437256, ""surprise"": 39.77908706665039, ""neutral"": 1.4254478216171265}"
530,22.318608666357857,surprise,"{""angry"": 26.291088104248047, ""disgust"": 0.05069148540496826, ""fear"": 22.204082489013672, ""happy"": 0.0292044747620821, ""sad"": 12.303640365600586, ""surprise"": 34.518795013427734, ""neutral"": 4.602496147155762}"
535,22.529161578304628,fear,"{""angry"": 2.31050181388855, ""disgust"": 0.018186800181865692, ""fear"": 56.38206481933594, ""happy"": 0.21958819031715393, ""sad"": 2.1897239685058594, ""surprise"": 37.33892059326172, ""neutral"": 1.5410045385360718}"
540,22.7397144902514,fear,"{""angry"": 0.5363548398017883, ""disgust"": 0.00010354207188356668, ""fear"": 50.70102310180664, ""happy"": 0.2528265416622162, ""sad"": 16.485218048095703, ""surprise"": 6.753236770629883, ""neutral"": 25.271240234375}"
545,22.950267402198172,sad,"{""angry"": 25.044710159301758, ""disgust"": 0.0029681397136300802, ""fear"": 18.129074096679688, ""happy"": 0.004766271915286779, ""sad"": 40.68873596191406, ""surprise"": 0.2873646020889282, ""neutral"": 15.842376708984375}"
550,23.160820314144946,neutral,"{""angry"": 1.572658658027649, ""disgust"": 0.00015257843188010156, ""fear"": 22.019338607788086, ""happy"": 0.07215114682912827, ""sad"": 22.0368595123291, ""surprise"": 1.7905348539352417, ""neutral"": 52.50830841064453}"
555,23.371373226091716,surprise,"{""angry"": 0.030461860820651054, ""disgust"": 1.1692836778820492e-06, ""fear"": 1.071415901184082, ""happy"": 36.366050720214844, ""sad"": 0.010750867426395416, ""surprise"": 62.361446380615234, ""neutral"": 0.15987922251224518}"
560,23.58192613803849,happy,"{""angry"": 3.4782078728312626e-06, ""disgust"": 1.192547681428107e-14, ""fear"": 2.0287142632469113e-08, ""happy"": 99.39588928222656, ""sad"": 1.563407204230316e-05, ""surprise"": 0.21996353566646576, ""neutral"": 0.384117990732193}"
565,23.79247904998526,happy,"{""angry"": 9.283667168347165e-08, ""disgust"": 4.478980099230628e-20, ""fear"": 3.838263928912511e-09, ""happy"": 98.75674438476562, ""sad"": 3.322889341461632e-08, ""surprise"": 1.243167519569397, ""neutral"": 9.292698814533651e-05}"
570,24.003031961932034,surprise,"{""angry"": 23.881481170654297, ""disgust"": 0.04193009063601494, ""fear"": 21.181833267211914, ""happy"": 0.0399622842669487, ""sad"": 8.924088478088379, ""surprise"": 25.840967178344727, ""neutral"": 20.089740753173828}"
575,24.213584873878805,fear,"{""angry"": 3.7348792552948, ""disgust"": 0.05721440538764, ""fear"": 58.55085754394531, ""happy"": 37.139984130859375, ""sad"": 0.509073793888092, ""surprise"": 0.0032269698567688465, ""neutral"": 0.004760713782161474}"
580,24.42413778582558,happy,"{""angry"": 2.999089479446411, ""disgust"": 0.020377567037940025, ""fear"": 10.554080963134766, ""happy"": 86.29747009277344, ""sad"": 0.12486524134874344, ""surprise"": 0.0026442972011864185, ""neutral"": 0.0014662196626886725}"
585,24.63469069777235,happy,"{""angry"": 3.2648940086364746, ""disgust"": 0.01048034057021141, ""fear"": 6.349793910980225, ""happy"": 90.29185485839844, ""sad"": 0.07234691083431244, ""surprise"": 0.008843876421451569, ""neutral"": 0.001787581597454846}"
590,24.845243609719123,fear,"{""angry"": 4.596195220947266, ""disgust"": 0.033769723027944565, ""fear"": 77.2183609008789, ""happy"": 17.552608489990234, ""sad"": 0.5622863173484802, ""surprise"": 0.02151787094771862, ""neutral"": 0.015266227535903454}"
595,25.055796521665894,happy,"{""angry"": 5.935633659362793, ""disgust"": 0.13623180985450745, ""fear"": 37.69487762451172, ""happy"": 55.524986267089844, ""sad"": 0.6545287370681763, ""surprise"": 0.04017828777432442, ""neutral"": 0.013565693981945515}"
600,25.266349433612667,fear,"{""angry"": 31.087108612060547, ""disgust"": 0.3177871108055115, ""fear"": 36.72673034667969, ""happy"": 31.210132598876953, ""sad"": 0.11149106919765472, ""surprise"": 0.537237823009491, ""neutral"": 0.009509450756013393}"
605,25.476902345559438,happy,"{""angry"": 11.975652694702148, ""disgust"": 0.08587531000375748, ""fear"": 40.540809631347656, ""happy"": 47.02815628051758, ""sad"": 0.26725754141807556, ""surprise"": 0.0979161486029625, ""neutral"": 0.004331750329583883}"
610,25.687455257506212,fear,"{""angry"": 10.74850845336914, ""disgust"": 0.15240061283111572, ""fear"": 60.369380950927734, ""happy"": 28.284154891967773, ""sad"": 0.09733107686042786, ""surprise"": 0.3455677032470703, ""neutral"": 0.002653268864378333}"
615,25.898008169452982,fear,"{""angry"": 3.874474048614502, ""disgust"": 0.004056850913912058, ""fear"": 65.49871063232422, ""happy"": 30.571712493896484, ""sad"": 0.009276540018618107, ""surprise"": 0.04155736416578293, ""neutral"": 0.00021589612879324704}"
620,26.108561081399756,fear,"{""angry"": 0.3972606658935547, ""disgust"": 0.0024226366076618433, ""fear"": 91.24774932861328, ""happy"": 8.351980209350586, ""sad"": 0.0004281765432097018, ""surprise"": 3.5044922697125e-05, ""neutral"": 0.00012422632426023483}"
625,26.319113993346527,happy,"{""angry"": 2.2609028816223145, ""disgust"": 0.03620623052120209, ""fear"": 27.877777099609375, ""happy"": 62.507057189941406, ""sad"": 0.31233489513397217, ""surprise"": 0.0290200337767601, ""neutral"": 6.9766998291015625}"
630,26.5296669052933,happy,"{""angry"": 0.3313668668270111, ""disgust"": 0.0011070563923567533, ""fear"": 0.15780603885650635, ""happy"": 82.60173797607422, ""sad"": 0.3327680230140686, ""surprise"": 0.03874150291085243, ""neutral"": 16.536479949951172}"
635,26.74021981724007,happy,"{""angry"": 0.3999754786491394, ""disgust"": 0.0005251281545497477, ""fear"": 0.05676655098795891, ""happy"": 99.42613983154297, ""sad"": 0.07792730629444122, ""surprise"": 2.7275564207229763e-05, ""neutral"": 0.03863358497619629}"
640,26.950772729186845,happy,"{""angry"": 1.6711905002593994, ""disgust"": 0.00266121793538332, ""fear"": 1.9558587074279785, ""happy"": 95.78755187988281, ""sad"": 0.582472026348114, ""surprise"": 2.3104175284061057e-07, ""neutral"": 0.0002640063758008182}"
645,27.161325641133615,happy,"{""angry"": 2.882735252380371, ""disgust"": 0.07422897219657898, ""fear"": 4.263581275939941, ""happy"": 71.36730194091797, ""sad"": 21.353961944580078, ""surprise"": 0.00028797221602872014, ""neutral"": 0.057901278138160706}"
650,27.37187855308039,happy,"{""angry"": 1.1663806438446045, ""disgust"": 0.0011861383682116866, ""fear"": 4.327687740325928, ""happy"": 86.46884155273438, ""sad"": 8.014361381530762, ""surprise"": 0.00011557473771972582, ""neutral"": 0.021426482126116753}"
655,27.582431465027163,fear,"{""angry"": 12.527448654174805, ""disgust"": 0.031444478780031204, ""fear"": 41.07719421386719, ""happy"": 26.916397094726562, ""sad"": 19.17185401916504, ""surprise"": 0.027947209775447845, ""neutral"": 0.24771416187286377}"
660,27.792984376973934,fear,"{""angry"": 15.887001991271973, ""disgust"": 0.0367775596678257, ""fear"": 71.90074920654297, ""happy"": 6.688973903656006, ""sad"": 5.379691123962402, ""surprise"": 0.035079825669527054, ""neutral"": 0.07172895222902298}"
665,28.003537288920707,fear,"{""angry"": 16.204870223999023, ""disgust"": 1.1325603723526, ""fear"": 27.84035873413086, ""happy"": 17.25673484802246, ""sad"": 11.858504295349121, ""surprise"": 0.1770562380552292, ""neutral"": 25.52991485595703}"
670,28.214090200867478,angry,"{""angry"": 46.33545684814453, ""disgust"": 0.05759395286440849, ""fear"": 28.78544044494629, ""happy"": 10.608061790466309, ""sad"": 12.886733055114746, ""surprise"": 0.017031827941536903, ""neutral"": 1.3096842765808105}"
675,28.424643112814252,angry,"{""angry"": 43.21694564819336, ""disgust"": 0.02014932967722416, ""fear"": 13.342232704162598, ""happy"": 7.107021331787109, ""sad"": 35.235137939453125, ""surprise"": 0.00018463199376128614, ""neutral"": 1.0783313512802124}"
680,28.635196024761022,fear,"{""angry"": 5.786716938018799, ""disgust"": 0.017566151916980743, ""fear"": 89.2730941772461, ""happy"": 0.12566983699798584, ""sad"": 4.779602527618408, ""surprise"": 4.512429313763278e-06, ""neutral"": 0.017348721623420715}"
685,28.845748936707796,fear,"{""angry"": 12.02039623260498, ""disgust"": 0.020914647728204727, ""fear"": 87.57230377197266, ""happy"": 0.0022651865147054195, ""sad"": 0.38284146785736084, ""surprise"": 1.7590302377357148e-05, ""neutral"": 0.0012634912272915244}"
690,29.056301848654567,fear,"{""angry"": 18.76631736755371, ""disgust"": 0.13942959904670715, ""fear"": 80.77093505859375, ""happy"": 0.007925543934106827, ""sad"": 0.3118744492530823, ""surprise"": 0.00032846457906998694, ""neutral"": 0.003193298354744911}"
695,29.26685476060134,fear,"{""angry"": 21.862192153930664, ""disgust"": 0.10154726356267929, ""fear"": 77.65940856933594, ""happy"": 0.028381280601024628, ""sad"": 0.34142154455184937, ""surprise"": 0.0010007919045165181, ""neutral"": 0.006050519645214081}"
700,29.47740767254811,fear,"{""angry"": 34.982852935791016, ""disgust"": 2.717029656817971e-10, ""fear"": 51.900062561035156, ""happy"": 13.116750717163086, ""sad"": 0.0003378333058208227, ""surprise"": 3.0161144849022437e-12, ""neutral"": 1.1516187115034882e-08}"
705,29.687960584494885,happy,"{""angry"": 0.025222335010766983, ""disgust"": 0.007434605620801449, ""fear"": 0.12481146305799484, ""happy"": 99.28519439697266, ""sad"": 0.0420885905623436, ""surprise"": 0.0006506560021080077, ""neutral"": 0.5146011114120483}"
710,29.898513496441655,happy,"{""angry"": 0.0010574510088190436, ""disgust"": 6.053969991626218e-05, ""fear"": 0.052553508430719376, ""happy"": 99.75381469726562, ""sad"": 0.002727955114096403, ""surprise"": 7.340843148995191e-05, ""neutral"": 0.18970726430416107}"
715,30.10906640838843,happy,"{""angry"": 0.0001529092260170728, ""disgust"": 1.6329894947375578e-07, ""fear"": 0.00279413303360343, ""happy"": 99.70417022705078, ""sad"": 0.0036591135431081057, ""surprise"": 0.0018637556349858642, ""neutral"": 0.2873624861240387}"
720,30.3196193203352,happy,"{""angry"": 0.04234180971980095, ""disgust"": 0.0005374467582441866, ""fear"": 0.2018040269613266, ""happy"": 99.52571868896484, ""sad"": 0.007407346274703741, ""surprise"": 0.00044478505151346326, ""neutral"": 0.2217361330986023}"
725,30.530172232281974,happy,"{""angry"": 0.1805243194103241, ""disgust"": 0.07700519263744354, ""fear"": 14.514449119567871, ""happy"": 84.44684600830078, ""sad"": 0.590843677520752, ""surprise"": 0.00046697008656337857, ""neutral"": 0.18986745178699493}"
730,30.740725144228744,happy,"{""angry"": 0.0009734178893268108, ""disgust"": 6.740450317010982e-06, ""fear"": 0.00248603243380785, ""happy"": 99.99506378173828, ""sad"": 1.9894174329238012e-05, ""surprise"": 5.216020895204565e-07, ""neutral"": 0.0014540405245497823}"
735,30.951278056175518,happy,"{""angry"": 0.005678717512637377, ""disgust"": 0.0001280306896660477, ""fear"": 0.08507538586854935, ""happy"": 99.89326477050781, ""sad"": 0.0002807625278364867, ""surprise"": 1.702185909380205e-05, ""neutral"": 0.015556072816252708}"
740,31.16183096812229,happy,"{""angry"": 0.05048088729381561, ""disgust"": 0.00011844360415125266, ""fear"": 2.074572801589966, ""happy"": 97.86125183105469, ""sad"": 0.0011558259138837457, ""surprise"": 0.0007942185620777309, ""neutral"": 0.011623682454228401}"
745,31.372383880069062,fear,"{""angry"": 18.503707885742188, ""disgust"": 4.6384042575809206e-14, ""fear"": 81.49601745605469, ""happy"": 0.00027543201576918364, ""sad"": 1.7047530320724036e-07, ""surprise"": 1.0211149287231436e-10, ""neutral"": 3.83196495368221e-11}"
750,31.582936792015833,fear,"{""angry"": 11.788862228393555, ""disgust"": 6.10603554480546e-14, ""fear"": 88.21113586425781, ""happy"": 5.2783307182835415e-06, ""sad"": 1.243553242602502e-07, ""surprise"": 3.9865714895892523e-11, ""neutral"": 1.359919208493432e-11}"
755,31.793489703962607,fear,"{""angry"": 3.970327615737915, ""disgust"": 6.481202191957209e-15, ""fear"": 96.02967834472656, ""happy"": 2.536680909770439e-08, ""sad"": 5.087560239758204e-08, ""surprise"": 6.07534595548076e-12, ""neutral"": 1.782863093269249e-11}"
760,32.00404261590938,angry,"{""angry"": 88.78607940673828, ""disgust"": 4.3879804303981196e-12, ""fear"": 11.01400375366211, ""happy"": 2.6510029726978246e-08, ""sad"": 0.18698011338710785, ""surprise"": 6.696310350662316e-08, ""neutral"": 0.012942959554493427}"
765,32.21459552785615,fear,"{""angry"": 16.36882972717285, ""disgust"": 1.0395839744603563e-09, ""fear"": 83.62313842773438, ""happy"": 2.5463400277203618e-08, ""sad"": 0.007873344235122204, ""surprise"": 7.6888774458439e-08, ""neutral"": 0.0001663864532019943}"
770,32.425148439802925,fear,"{""angry"": 0.9482030868530273, ""disgust"": 0.10862569510936737, ""fear"": 95.15421295166016, ""happy"": 1.3326497077941895, ""sad"": 1.7711676359176636, ""surprise"": 0.17451944947242737, ""neutral"": 0.5106169581413269}"
775,32.635701351749695,happy,"{""angry"": 0.17192023992538452, ""disgust"": 0.13573899865150452, ""fear"": 8.222497940063477, ""happy"": 86.68340301513672, ""sad"": 2.37608003616333, ""surprise"": 0.010414732620120049, ""neutral"": 2.3999435901641846}"
780,32.846254263696466,happy,"{""angry"": 0.0009437303524464369, ""disgust"": 0.00045295534073375165, ""fear"": 0.08297635614871979, ""happy"": 97.49519348144531, ""sad"": 0.041196439415216446, ""surprise"": 0.00047417733003385365, ""neutral"": 2.3787589073181152}"
785,33.056807175643236,angry,"{""angry"": 88.29206085205078, ""disgust"": 4.298246494727209e-06, ""fear"": 11.70211410522461, ""happy"": 0.005790511146187782, ""sad"": 3.026296144525986e-05, ""surprise"": 4.26116275775712e-06, ""neutral"": 3.6271831049816683e-07}"
790,33.26736008759001,angry,"{""angry"": 91.57994079589844, ""disgust"": 1.3831801481956063e-07, ""fear"": 8.392166137695312, ""happy"": 0.027414632961153984, ""sad"": 0.00048279642942361534, ""surprise"": 1.2290893858235563e-09, ""neutral"": 5.122022344039578e-07}"
795,33.477912999536784,angry,"{""angry"": 75.6328353881836, ""disgust"": 0.4765832722187042, ""fear"": 2.056943893432617, ""happy"": 0.13262946903705597, ""sad"": 10.622618675231934, ""surprise"": 0.0039421203546226025, ""neutral"": 11.074446678161621}"
800,33.688465911483554,angry,"{""angry"": 88.7048110961914, ""disgust"": 0.39693647623062134, ""fear"": 1.1257686614990234, ""happy"": 0.0420396514236927, ""sad"": 5.511691093444824, ""surprise"": 0.004341346677392721, ""neutral"": 4.214420795440674}"
805,33.899018823430325,angry,"{""angry"": 55.55204391479492, ""disgust"": 0.5717400312423706, ""fear"": 6.2363457679748535, ""happy"": 0.020525997504591942, ""sad"": 27.733139038085938, ""surprise"": 9.834281081566587e-05, ""neutral"": 9.886114120483398}"
810,34.1095717353771,angry,"{""angry"": 53.541786193847656, ""disgust"": 0.14711132645606995, ""fear"": 0.39607980847358704, ""happy"": 0.1417677253484726, ""sad"": 32.56524658203125, ""surprise"": 0.002770583610981703, ""neutral"": 13.20523738861084}"
815,34.32012464732387,angry,"{""angry"": 77.53768157958984, ""disgust"": 0.00017183316231239587, ""fear"": 0.038032617419958115, ""happy"": 0.0006284737028181553, ""sad"": 18.85147476196289, ""surprise"": 0.006100284401327372, ""neutral"": 3.5659167766571045}"
820,34.53067755927064,angry,"{""angry"": 94.84561157226562, ""disgust"": 0.022714076563715935, ""fear"": 0.285003125667572, ""happy"": 0.009888610802590847, ""sad"": 3.3025095462799072, ""surprise"": 0.1486104428768158, ""neutral"": 1.3856608867645264}"
825,34.74123047121742,angry,"{""angry"": 95.87432098388672, ""disgust"": 0.008608521893620491, ""fear"": 0.140127032995224, ""happy"": 0.003976659849286079, ""sad"": 2.6932361125946045, ""surprise"": 0.3612648844718933, ""neutral"": 0.918470025062561}"
830,34.95178338316419,angry,"{""angry"": 98.75177001953125, ""disgust"": 0.05435175821185112, ""fear"": 0.04709430783987045, ""happy"": 0.0011537792161107063, ""sad"": 0.7324302792549133, ""surprise"": 0.37605178356170654, ""neutral"": 0.037146035581827164}"
835,35.16233629511096,angry,"{""angry"": 99.76299285888672, ""disgust"": 0.007720246911048889, ""fear"": 0.03207092732191086, ""happy"": 0.003093600505962968, ""sad"": 0.15363678336143494, ""surprise"": 0.012601315975189209, ""neutral"": 0.027888111770153046}"
840,35.37288920705773,angry,"{""angry"": 99.75241088867188, ""disgust"": 0.007106168195605278, ""fear"": 0.0160644743591547, ""happy"": 0.0024824533611536026, ""sad"": 0.12385236471891403, ""surprise"": 0.06887990981340408, ""neutral"": 0.0292135551571846}"
845,35.58344211900451,angry,"{""angry"": 71.1714096069336, ""disgust"": 1.4902535676956177, ""fear"": 2.0391178131103516, ""happy"": 7.451042652130127, ""sad"": 7.643681049346924, ""surprise"": 0.9464489221572876, ""neutral"": 9.258048057556152}"
850,35.79399503095128,angry,"{""angry"": 99.62657165527344, ""disgust"": 0.08936690539121628, ""fear"": 0.058686330914497375, ""happy"": 0.01811869628727436, ""sad"": 0.11898038536310196, ""surprise"": 0.010219982825219631, ""neutral"": 0.07805349677801132}"
855,36.00454794289805,angry,"{""angry"": 99.65135192871094, ""disgust"": 0.034807585179805756, ""fear"": 0.02119116298854351, ""happy"": 0.015862246975302696, ""sad"": 0.106865793466568, ""surprise"": 0.13687871396541595, ""neutral"": 0.03304031491279602}"
860,36.21510085484482,angry,"{""angry"": 98.13811492919922, ""disgust"": 0.03163927048444748, ""fear"": 0.41050490736961365, ""happy"": 0.030157973989844322, ""sad"": 1.2709077596664429, ""surprise"": 0.01018221490085125, ""neutral"": 0.1084914430975914}"
865,36.4256537667916,angry,"{""angry"": 96.00984191894531, ""disgust"": 0.0969805046916008, ""fear"": 0.6381614804267883, ""happy"": 0.003273430746048689, ""sad"": 2.3871548175811768, ""surprise"": 0.025732209905982018, ""neutral"": 0.8388506770133972}"
870,36.63620667873837,sad,"{""angry"": 41.857357025146484, ""disgust"": 0.006097937934100628, ""fear"": 1.1299750804901123, ""happy"": 0.0060327318497002125, ""sad"": 49.29476547241211, ""surprise"": 0.005660464521497488, ""neutral"": 7.700104236602783}"
875,36.84675959068514,angry,"{""angry"": 80.78732299804688, ""disgust"": 0.008197661489248276, ""fear"": 0.4186127483844757, ""happy"": 0.004293201491236687, ""sad"": 16.07185173034668, ""surprise"": 0.001622851355932653, ""neutral"": 2.7081079483032227}"
880,37.05731250263191,angry,"{""angry"": 83.58899688720703, ""disgust"": 0.03358575329184532, ""fear"": 0.4505745470523834, ""happy"": 0.01676848530769348, ""sad"": 8.248262405395508, ""surprise"": 0.010533405467867851, ""neutral"": 7.651284217834473}"
885,37.26786541457869,neutral,"{""angry"": 35.948787689208984, ""disgust"": 0.001229245332069695, ""fear"": 0.09923509508371353, ""happy"": 0.092553049325943, ""sad"": 7.642416477203369, ""surprise"": 0.002238034037873149, ""neutral"": 56.21354675292969}"
890,37.47841832652546,angry,"{""angry"": 88.35099792480469, ""disgust"": 0.5721803903579712, ""fear"": 0.07079651206731796, ""happy"": 0.18975314497947693, ""sad"": 1.5078517198562622, ""surprise"": 0.1361612230539322, ""neutral"": 9.172263145446777}"
895,37.68897123847223,neutral,"{""angry"": 2.036917209625244, ""disgust"": 1.7255517832381884e-06, ""fear"": 8.886414527893066, ""happy"": 0.05401839315891266, ""sad"": 22.4081974029541, ""surprise"": 0.0008794957539066672, ""neutral"": 66.61357116699219}"
900,37.899524150419,sad,"{""angry"": 19.727741241455078, ""disgust"": 0.000715464586392045, ""fear"": 4.572443962097168, ""happy"": 0.011272859759628773, ""sad"": 62.1172981262207, ""surprise"": 0.0005688415840268135, ""neutral"": 13.569963455200195}"
905,38.110077062365775,happy,"{""angry"": 1.137056827545166, ""disgust"": 6.625918924640928e-09, ""fear"": 0.008176864124834538, ""happy"": 98.76275634765625, ""sad"": 0.0009791647316887975, ""surprise"": 0.003256793599575758, ""neutral"": 0.0877835750579834}"
910,38.320629974312546,happy,"{""angry"": 8.423312187194824, ""disgust"": 0.0009569311514496803, ""fear"": 0.7121196985244751, ""happy"": 47.63140106201172, ""sad"": 27.00738525390625, ""surprise"": 0.007824218831956387, ""neutral"": 16.216997146606445}"
915,38.531182886259316,neutral,"{""angry"": 1.9196876287460327, ""disgust"": 0.0006489146617241204, ""fear"": 0.9631048440933228, ""happy"": 45.98516845703125, ""sad"": 1.5131791830062866, ""surprise"": 0.07406747341156006, ""neutral"": 49.54414749145508}"
920,38.741735798206086,fear,"{""angry"": 7.130710601806641, ""disgust"": 0.0022242714185267687, ""fear"": 90.55459594726562, ""happy"": 2.3112690448760986, ""sad"": 0.0011964673176407814, ""surprise"": 2.3596903986344842e-07, ""neutral"": 4.481650194065878e-06}"
925,38.952288710152864,happy,"{""angry"": 0.7393555045127869, ""disgust"": 0.0008895245264284313, ""fear"": 2.0005388259887695, ""happy"": 56.25642776489258, ""sad"": 39.04685592651367, ""surprise"": 0.004280249122530222, ""neutral"": 1.951653242111206}"
930,39.162841622099634,sad,"{""angry"": 4.5973005294799805, ""disgust"": 0.0284949392080307, ""fear"": 6.668157577514648, ""happy"": 11.73868465423584, ""sad"": 44.947914123535156, ""surprise"": 0.009668352082371712, ""neutral"": 32.00978088378906}"
935,39.373394534046405,sad,"{""angry"": 0.053461045026779175, ""disgust"": 2.488113022991456e-05, ""fear"": 0.027797134593129158, ""happy"": 0.0034725733567029238, ""sad"": 99.86425018310547, ""surprise"": 1.6225145316184353e-07, ""neutral"": 0.05099168047308922}"
940,39.583947445993175,sad,"{""angry"": 19.812013626098633, ""disgust"": 0.04634800925850868, ""fear"": 19.27435302734375, ""happy"": 5.726553916931152, ""sad"": 32.0260009765625, ""surprise"": 0.06676904857158661, ""neutral"": 23.047958374023438}"
945,39.79450035793995,happy,"{""angry"": 7.559016376035288e-05, ""disgust"": 1.1608903172088958e-08, ""fear"": 0.0003761902335099876, ""happy"": 99.99308776855469, ""sad"": 0.005207011941820383, ""surprise"": 2.1406706309790025e-06, ""neutral"": 0.001249196589924395}"
950,40.00505326988672,happy,"{""angry"": 0.0006456897244788706, ""disgust"": 4.2970359004357306e-07, ""fear"": 0.004666810389608145, ""happy"": 99.95733642578125, ""sad"": 0.022284604609012604, ""surprise"": 9.169943950837478e-06, ""neutral"": 0.015056201256811619}"
955,40.21560618183349,happy,"{""angry"": 0.0014997918624430895, ""disgust"": 1.1903491667908384e-06, ""fear"": 0.008605089038610458, ""happy"": 99.92269897460938, ""sad"": 0.03259668126702309, ""surprise"": 1.666352000029292e-05, ""neutral"": 0.034565702080726624}"
960,40.426159093780264,happy,"{""angry"": 0.0002797868219204247, ""disgust"": 4.133154973828823e-08, ""fear"": 0.00041796351433731616, ""happy"": 99.97765350341797, ""sad"": 0.007833546958863735, ""surprise"": 4.970150712324539e-06, ""neutral"": 0.013810118660330772}"
965,40.63671200572704,happy,"{""angry"": 9.253540338249877e-05, ""disgust"": 3.6912425116497616e-08, ""fear"": 0.0003061934548895806, ""happy"": 99.98043823242188, ""sad"": 0.006566727068275213, ""surprise"": 8.925378097046632e-06, ""neutral"": 0.012577700428664684}"
970,40.84726491767381,happy,"{""angry"": 0.0017703801859170198, ""disgust"": 4.669372231091984e-07, ""fear"": 0.0007903137593530118, ""happy"": 99.96340942382812, ""sad"": 0.026110472157597542, ""surprise"": 5.349981506697077e-07, ""neutral"": 0.007906029000878334}"
975,41.05781782962058,happy,"{""angry"": 0.005383183714002371, ""disgust"": 8.059752872213721e-06, ""fear"": 0.00013139017391949892, ""happy"": 99.7209243774414, ""sad"": 0.23195472359657288, ""surprise"": 4.290584953992038e-08, ""neutral"": 0.04158645495772362}"
980,41.26837074156736,happy,"{""angry"": 0.28211483359336853, ""disgust"": 0.0020336960442364216, ""fear"": 0.0048714280128479, ""happy"": 95.27394104003906, ""sad"": 3.9424891471862793, ""surprise"": 5.453370249597356e-06, ""neutral"": 0.49453380703926086}"
985,41.47892365351413,happy,"{""angry"": 0.6357800364494324, ""disgust"": 0.0012017270782962441, ""fear"": 0.01632838323712349, ""happy"": 94.11802673339844, ""sad"": 3.2627530097961426, ""surprise"": 4.759574494528351e-06, ""neutral"": 1.965902328491211}"
990,41.6894765654609,happy,"{""angry"": 0.08111467957496643, ""disgust"": 0.00012066937779309228, ""fear"": 0.07358066737651825, ""happy"": 97.9701156616211, ""sad"": 1.6909056901931763, ""surprise"": 5.941716881352477e-05, ""neutral"": 0.18410663306713104}"
995,41.90002947740767,happy,"{""angry"": 0.02403310127556324, ""disgust"": 0.0003414909588173032, ""fear"": 0.0012961628381162882, ""happy"": 97.21825408935547, ""sad"": 1.5754554271697998, ""surprise"": 8.443840329164232e-07, ""neutral"": 1.1806217432022095}"
1000,42.11058238935445,happy,"{""angry"": 0.054452456533908844, ""disgust"": 0.06690501421689987, ""fear"": 0.4919127821922302, ""happy"": 94.01603698730469, ""sad"": 0.8093221783638, ""surprise"": 0.08484479784965515, ""neutral"": 4.4765238761901855}"
1005,42.32113530130122,happy,"{""angry"": 0.0009471789235249162, ""disgust"": 0.005505057517439127, ""fear"": 0.7886356115341187, ""happy"": 99.20262145996094, ""sad"": 4.16592629335355e-05, ""surprise"": 4.986042040400207e-05, ""neutral"": 0.002202320145443082}"
1010,42.53168821324799,happy,"{""angry"": 0.06924180686473846, ""disgust"": 0.010273166000843048, ""fear"": 0.09825163334608078, ""happy"": 99.66461944580078, ""sad"": 0.014717243611812592, ""surprise"": 0.021696027368307114, ""neutral"": 0.12119758129119873}"
1015,42.74224112519476,happy,"{""angry"": 0.0037048510275781155, ""disgust"": 0.00021649034169968218, ""fear"": 0.07640952616930008, ""happy"": 99.91609954833984, ""sad"": 3.19856007990893e-05, ""surprise"": 0.0002302950160810724, ""neutral"": 0.003311803098767996}"
1020,42.95279403714154,happy,"{""angry"": 0.012999296188354492, ""disgust"": 0.0023434474132955074, ""fear"": 2.4235947132110596, ""happy"": 97.55579376220703, ""sad"": 0.00016881882038433105, ""surprise"": 0.0005190591909922659, ""neutral"": 0.004581041634082794}"
1025,43.16334694908831,happy,"{""angry"": 0.00011926662409678102, ""disgust"": 8.175249604391865e-06, ""fear"": 0.001477135461755097, ""happy"": 99.99152374267578, ""sad"": 4.551035999611486e-06, ""surprise"": 1.4626716620114166e-05, ""neutral"": 0.006853002589195967}"
1030,43.37389986103508,happy,"{""angry"": 0.008331352844834328, ""disgust"": 0.00017448040307499468, ""fear"": 0.0263537485152483, ""happy"": 99.95355224609375, ""sad"": 7.167869625845924e-05, ""surprise"": 8.301855996251106e-05, ""neutral"": 0.01143044512718916}"
1035,43.58445277298185,happy,"{""angry"": 0.003037787973880768, ""disgust"": 2.593208421330928e-07, ""fear"": 0.0010654206853359938, ""happy"": 99.96000671386719, ""sad"": 2.7034937374992296e-05, ""surprise"": 9.095014684135094e-05, ""neutral"": 0.03576504439115524}"
1040,43.795005684928626,happy,"{""angry"": 0.6568459272384644, ""disgust"": 0.43304315209388733, ""fear"": 45.70852279663086, ""happy"": 53.01451873779297, ""sad"": 0.08363256603479385, ""surprise"": 0.05416744947433472, ""neutral"": 0.04927561432123184}"
1045,44.005558596875396,fear,"{""angry"": 0.007767828181385994, ""disgust"": 0.0015928708016872406, ""fear"": 94.86270904541016, ""happy"": 0.0053247674368321896, ""sad"": 5.122307777404785, ""surprise"": 7.979433291893656e-08, ""neutral"": 0.00029666384216398}"
1050,44.216111508822166,fear,"{""angry"": 2.4423489570617676, ""disgust"": 0.006417033728212118, ""fear"": 89.08082580566406, ""happy"": 0.04965478554368019, ""sad"": 3.7359049320220947, ""surprise"": 0.05866150185465813, ""neutral"": 4.626181602478027}"
1055,44.42666442076894,fear,"{""angry"": 14.521177291870117, ""disgust"": 0.12194889038801193, ""fear"": 51.082210540771484, ""happy"": 0.19023585319519043, ""sad"": 28.729053497314453, ""surprise"": 0.11631562560796738, ""neutral"": 5.239052772521973}"
1060,44.637217332715714,fear,"{""angry"": 8.110711097717285, ""disgust"": 0.4328455924987793, ""fear"": 90.6185073852539, ""happy"": 0.4753313958644867, ""sad"": 0.24624325335025787, ""surprise"": 0.10649055987596512, ""neutral"": 0.00987048726528883}"
1065,44.847770244662485,happy,"{""angry"": 0.0031627872958779335, ""disgust"": 0.0008772480068728328, ""fear"": 25.55939483642578, ""happy"": 39.85286331176758, ""sad"": 16.69469451904297, ""surprise"": 0.004586826078593731, ""neutral"": 17.884418487548828}"
1070,45.058323156609255,happy,"{""angry"": 0.047371506690979004, ""disgust"": 0.05892769992351532, ""fear"": 26.610694885253906, ""happy"": 35.36127853393555, ""sad"": 26.212810516357422, ""surprise"": 0.0007490640273317695, ""neutral"": 11.708165168762207}"
1075,45.268876068556025,sad,"{""angry"": 0.416932612657547, ""disgust"": 2.9641709327697754, ""fear"": 19.196107864379883, ""happy"": 9.585497856140137, ""sad"": 39.55400085449219, ""surprise"": 0.00445569958537817, ""neutral"": 28.278833389282227}"
1080,45.4794289805028,happy,"{""angry"": 0.034130461513996124, ""disgust"": 0.4861779510974884, ""fear"": 25.979461669921875, ""happy"": 39.74102020263672, ""sad"": 3.4051618576049805, ""surprise"": 0.013781354762613773, ""neutral"": 30.340269088745117}"
1085,45.68998189244957,happy,"{""angry"": 0.07208804041147232, ""disgust"": 0.28298115730285645, ""fear"": 22.489763259887695, ""happy"": 43.006900787353516, ""sad"": 15.495438575744629, ""surprise"": 0.011349831707775593, ""neutral"": 18.641477584838867}"
1090,45.900534804396344,happy,"{""angry"": 0.06829369068145752, ""disgust"": 0.19669201970100403, ""fear"": 28.13372802734375, ""happy"": 37.269283294677734, ""sad"": 16.78534507751465, ""surprise"": 0.005759286228567362, ""neutral"": 17.540908813476562}"
1095,46.111087716343114,surprise,"{""angry"": 0.00046402556472457945, ""disgust"": 4.9533472434859505e-08, ""fear"": 0.18527987599372864, ""happy"": 0.0010415732394903898, ""sad"": 2.241893525933847e-06, ""surprise"": 99.81321716308594, ""neutral"": 4.447383901151625e-07}"
1100,46.32164062828989,surprise,"{""angry"": 0.0035904196556657553, ""disgust"": 7.060713755890902e-07, ""fear"": 0.7863980531692505, ""happy"": 0.004003882873803377, ""sad"": 1.3668056453752797e-05, ""surprise"": 99.20599365234375, ""neutral"": 6.0499237406475e-06}"
1105,46.53219354023666,surprise,"{""angry"": 0.012349159456789494, ""disgust"": 2.1018429379182635e-06, ""fear"": 1.7724902629852295, ""happy"": 0.00871867686510086, ""sad"": 4.550620724330656e-05, ""surprise"": 98.20637512207031, ""neutral"": 1.6980766304186545e-05}"
1110,46.74274645218343,surprise,"{""angry"": 0.06755048781633377, ""disgust"": 3.405845563975163e-05, ""fear"": 3.4590299129486084, ""happy"": 0.06936521828174591, ""sad"": 0.001499969745054841, ""surprise"": 96.40235137939453, ""neutral"": 0.0001721242442727089}"
1115,46.9532993641302,surprise,"{""angry"": 0.029358210042119026, ""disgust"": 1.3401265277934726e-05, ""fear"": 3.2386887073516846, ""happy"": 0.13517256081104279, ""sad"": 0.001737111364491284, ""surprise"": 96.59491729736328, ""neutral"": 0.00011731770791811869}"
1120,47.16385227607698,surprise,"{""angry"": 0.003275530179962516, ""disgust"": 1.2706364032055717e-06, ""fear"": 0.6179532408714294, ""happy"": 0.006471495144069195, ""sad"": 2.9837216061423533e-05, ""surprise"": 99.37226104736328, ""neutral"": 3.94475046050502e-06}"
1125,47.37440518802375,surprise,"{""angry"": 0.06860142946243286, ""disgust"": 1.4430144801735878e-05, ""fear"": 1.361535668373108, ""happy"": 0.019935443997383118, ""sad"": 0.0002518264518585056, ""surprise"": 98.54964447021484, ""neutral"": 2.38108987105079e-05}"
1130,47.58495809997052,surprise,"{""angry"": 0.021730035543441772, ""disgust"": 6.04314163865638e-06, ""fear"": 1.5043898820877075, ""happy"": 0.02435782365500927, ""sad"": 0.0005271344562061131, ""surprise"": 98.44896697998047, ""neutral"": 2.3240434529725462e-05}"
1135,47.7955110119173,surprise,"{""angry"": 0.08734835684299469, ""disgust"": 0.0004751416854560375, ""fear"": 7.241455554962158, ""happy"": 0.07440947741270065, ""sad"": 0.0012636232422664762, ""surprise"": 92.59500885009766, ""neutral"": 3.448989082244225e-05}"
1140,48.00606392386407,surprise,"{""angry"": 0.00763859273865819, ""disgust"": 1.7304848370258696e-05, ""fear"": 2.955018997192383, ""happy"": 0.032952163368463516, ""sad"": 0.0001856763119576499, ""surprise"": 97.00418853759766, ""neutral"": 2.789700829453068e-06}"
1145,48.21661683581084,happy,"{""angry"": 0.0008315243758261204, ""disgust"": 2.5341697096337157e-07, ""fear"": 8.06467687652912e-06, ""happy"": 97.04930877685547, ""sad"": 0.004726116079837084, ""surprise"": 0.0006598306354135275, ""neutral"": 2.9444692134857178}"
1150,48.42716974775761,happy,"{""angry"": 3.6340511542221066e-06, ""disgust"": 2.000201913820998e-11, ""fear"": 1.405217187055996e-08, ""happy"": 99.32728576660156, ""sad"": 3.950170867028646e-05, ""surprise"": 7.617054961883696e-06, ""neutral"": 0.672651469707489}"
1155,48.63772265970439,happy,"{""angry"": 0.000519205117598176, ""disgust"": 1.0017491725022865e-08, ""fear"": 4.089304638910107e-05, ""happy"": 81.18009948730469, ""sad"": 0.01069759763777256, ""surprise"": 0.000430343730840832, ""neutral"": 18.808212280273438}"
1160,48.84827557165116,happy,"{""angry"": 0.00014502958219964057, ""disgust"": 2.479428395929517e-08, ""fear"": 5.092823630548082e-05, ""happy"": 96.9811782836914, ""sad"": 0.0028863558545708656, ""surprise"": 0.000687316176481545, ""neutral"": 3.015054941177368}"
1165,49.05882848359793,neutral,"{""angry"": 0.19086532294750214, ""disgust"": 8.847330690286981e-08, ""fear"": 0.01746911182999611, ""happy"": 42.471107482910156, ""sad"": 0.03666547313332558, ""surprise"": 0.004956515971571207, ""neutral"": 57.27893829345703}"
1170,49.2693813955447,fear,"{""angry"": 17.0408992767334, ""disgust"": 0.0013935895403847098, ""fear"": 41.747432708740234, ""happy"": 18.36797332763672, ""sad"": 0.15528078377246857, ""surprise"": 0.31403154134750366, ""neutral"": 22.37299346923828}"
1175,49.479934307491476,fear,"{""angry"": 1.2115578651428223, ""disgust"": 0.09463933855295181, ""fear"": 97.80199432373047, ""happy"": 0.010559728369116783, ""sad"": 0.6760147213935852, ""surprise"": 0.16729657351970673, ""neutral"": 0.03793269023299217}"
1180,49.690487219438246,neutral,"{""angry"": 1.6847189664840698, ""disgust"": 0.18341988325119019, ""fear"": 14.140852928161621, ""happy"": 0.5857921838760376, ""sad"": 8.85565185546875, ""surprise"": 0.0043341657146811485, ""neutral"": 74.54522705078125}"
1185,49.90104013138502,happy,"{""angry"": 8.275925438283593e-07, ""disgust"": 3.044532832063851e-06, ""fear"": 0.00011809052375610918, ""happy"": 99.83969116210938, ""sad"": 0.005178937688469887, ""surprise"": 2.1265081159071997e-05, ""neutral"": 0.1549871414899826}"
1190,50.11159304333179,happy,"{""angry"": 4.983584858564427e-06, ""disgust"": 8.084170417532732e-07, ""fear"": 1.7301664456681465e-06, ""happy"": 98.81310272216797, ""sad"": 0.0008736035670153797, ""surprise"": 2.7883499569725245e-05, ""neutral"": 1.1859890222549438}"
1195,50.322145955278565,happy,"{""angry"": 3.3569513391285e-08, ""disgust"": 1.0954068763169289e-08, ""fear"": 4.9710706662153825e-06, ""happy"": 98.54523468017578, ""sad"": 0.00013365109043661505, ""surprise"": 1.399240090904641e-06, ""neutral"": 1.4546232223510742}"
1200,50.532698867225335,happy,"{""angry"": 7.009163915938643e-09, ""disgust"": 6.778871908252881e-10, ""fear"": 1.568658262840472e-05, ""happy"": 99.95655059814453, ""sad"": 3.4600052458699793e-06, ""surprise"": 1.195223717331828e-06, ""neutral"": 0.04342527315020561}"
1205,50.743251779172105,happy,"{""angry"": 7.067959995055162e-09, ""disgust"": 2.1074261780107406e-10, ""fear"": 1.1818800885521341e-05, ""happy"": 99.95953369140625, ""sad"": 1.8321795778319938e-06, ""surprise"": 7.068748573146877e-07, ""neutral"": 0.0404522679746151}"
1210,50.953804691118876,happy,"{""angry"": 1.0476907341683273e-08, ""disgust"": 3.632431022637661e-10, ""fear"": 3.201874642400071e-05, ""happy"": 99.95926666259766, ""sad"": 2.1392775124695618e-06, ""surprise"": 5.810366019431967e-07, ""neutral"": 0.040703196078538895}"
1215,51.16435760306565,happy,"{""angry"": 1.0470455436006887e-07, ""disgust"": 5.200072816791135e-09, ""fear"": 1.7805685274652205e-05, ""happy"": 99.94340515136719, ""sad"": 7.310051387321437e-06, ""surprise"": 8.641352906124666e-06, ""neutral"": 0.0565616711974144}"
1220,51.374910515012424,happy,"{""angry"": 1.205578712415445e-07, ""disgust"": 1.2192446163794557e-08, ""fear"": 2.104412305925507e-05, ""happy"": 99.94168090820312, ""sad"": 1.3376840797718614e-05, ""surprise"": 7.685205673624296e-06, ""neutral"": 0.05828108638525009}"
1225,51.585463426959194,happy,"{""angry"": 2.2267056465352653e-07, ""disgust"": 2.6547377629526636e-08, ""fear"": 2.6903473553829826e-05, ""happy"": 99.86640167236328, ""sad"": 2.2311802240437828e-05, ""surprise"": 1.794101990526542e-05, ""neutral"": 0.13352613151073456}"
1230,51.796016338905964,happy,"{""angry"": 1.346935789570125e-07, ""disgust"": 1.3922249131326225e-08, ""fear"": 1.381304446113063e-05, ""happy"": 99.85481262207031, ""sad"": 1.664117917243857e-05, ""surprise"": 1.3927900909038726e-05, ""neutral"": 0.1451534628868103}"
1235,52.00656925085274,happy,"{""angry"": 4.5245425184248234e-08, ""disgust"": 1.739003829825947e-09, ""fear"": 3.75257673113083e-06, ""happy"": 99.79307556152344, ""sad"": 5.786873316537822e-06, ""surprise"": 5.604937086900463e-06, ""neutral"": 0.2069040685892105}"
1240,52.21712216279951,happy,"{""angry"": 1.1720859838248998e-08, ""disgust"": 1.6420885484702552e-10, ""fear"": 5.651736501022242e-07, ""happy"": 99.87490844726562, ""sad"": 1.4985505458753323e-06, ""surprise"": 1.6796802810858935e-06, ""neutral"": 0.12509360909461975}"
1245,52.42767507474628,happy,"{""angry"": 1.9776896786893872e-10, ""disgust"": 2.24846768807907e-12, ""fear"": 8.529689807801333e-07, ""happy"": 99.85829162597656, ""sad"": 3.250393376674765e-07, ""surprise"": 7.712001348636477e-08, ""neutral"": 0.14169874787330627}"
1250,52.63822798669305,happy,"{""angry"": 6.778663741435764e-10, ""disgust"": 1.9175456361653076e-11, ""fear"": 2.2084575945768847e-08, ""happy"": 99.87706756591797, ""sad"": 4.1238430981138663e-07, ""surprise"": 8.984527966049427e-08, ""neutral"": 0.12293373048305511}"
1255,52.84878089863983,happy,"{""angry"": 2.7310341010888806e-07, ""disgust"": 5.2978766262867794e-08, ""fear"": 7.05741558704176e-06, ""happy"": 98.1446533203125, ""sad"": 7.104704127414152e-05, ""surprise"": 1.0138186553376727e-05, ""neutral"": 1.8552613258361816}"
1260,53.0593338105866,happy,"{""angry"": 7.048169692325246e-08, ""disgust"": 7.106826842573355e-07, ""fear"": 6.521336763398722e-05, ""happy"": 95.96942138671875, ""sad"": 0.0005394401377998292, ""surprise"": 5.66020480619045e-06, ""neutral"": 4.029965877532959}"
1265,53.26988672253337,neutral,"{""angry"": 0.014750272035598755, ""disgust"": 1.3493090200711322e-08, ""fear"": 4.91897439956665, ""happy"": 1.3792532682418823, ""sad"": 1.6114428043365479, ""surprise"": 0.0012406182941049337, ""neutral"": 92.0743408203125}"
1270,53.48043963448014,happy,"{""angry"": 2.1583189209195552e-06, ""disgust"": 2.6265661290381104e-05, ""fear"": 0.00028181562083773315, ""happy"": 88.6681900024414, ""sad"": 0.0047030677087605, ""surprise"": 5.6731823860900477e-05, ""neutral"": 11.32674503326416}"
1275,53.69099254642692,happy,"{""angry"": 5.710240884582163e-07, ""disgust"": 1.3579979167843703e-05, ""fear"": 0.0004185459984000772, ""happy"": 82.04419708251953, ""sad"": 0.004267011769115925, ""surprise"": 4.0887673094403e-05, ""neutral"": 17.951061248779297}"
1280,53.90154545837369,happy,"{""angry"": 2.125968649124843e-06, ""disgust"": 0.00010652185301296413, ""fear"": 0.002159347990527749, ""happy"": 83.33612823486328, ""sad"": 0.015856748446822166, ""surprise"": 0.00025184222613461316, ""neutral"": 16.645503997802734}"
1285,54.11209837032046,happy,"{""angry"": 8.196117278203019e-07, ""disgust"": 0.00011056684888899326, ""fear"": 0.004491543862968683, ""happy"": 89.5361099243164, ""sad"": 0.04419446736574173, ""surprise"": 0.0002175161789637059, ""neutral"": 10.414871215820312}"
1290,54.32265128226723,neutral,"{""angry"": 0.22162331640720367, ""disgust"": 7.117763090036533e-08, ""fear"": 2.2162673473358154, ""happy"": 0.7933787107467651, ""sad"": 0.5448349118232727, ""surprise"": 0.0023832349106669426, ""neutral"": 96.22151184082031}"
1295,54.53320419421401,happy,"{""angry"": 4.349032224126859e-06, ""disgust"": 0.0005287971580401063, ""fear"": 0.004770034458488226, ""happy"": 94.32032012939453, ""sad"": 0.07528233528137207, ""surprise"": 0.00010323996684746817, ""neutral"": 5.598999977111816}"
1300,54.74375710616078,happy,"{""angry"": 7.103665211616317e-06, ""disgust"": 0.0006585342343896627, ""fear"": 0.003998902626335621, ""happy"": 93.23921966552734, ""sad"": 0.06996539980173111, ""surprise"": 0.00018638765322975814, ""neutral"": 6.685964107513428}"
1305,54.95431001810755,happy,"{""angry"": 4.895223355561029e-06, ""disgust"": 0.00014177319826558232, ""fear"": 0.0012473668903112411, ""happy"": 96.42964172363281, ""sad"": 0.02420329675078392, ""surprise"": 0.00014124040899332613, ""neutral"": 3.5446155071258545}"
1310,55.164862930054326,fear,"{""angry"": 0.0008676304132677615, ""disgust"": 3.079502761539786e-17, ""fear"": 99.75149536132812, ""happy"": 5.770847256967277e-19, ""sad"": 0.16086289286613464, ""surprise"": 7.462473305963613e-09, ""neutral"": 0.08676975220441818}"
1315,55.3754158420011,fear,"{""angry"": 0.030179046094417572, ""disgust"": 6.684176538289079e-17, ""fear"": 98.78814697265625, ""happy"": 4.437341740049875e-18, ""sad"": 0.622969925403595, ""surprise"": 3.656765912296578e-08, ""neutral"": 0.5587095022201538}"
1320,55.58596875394787,fear,"{""angry"": 0.09809262305498123, ""disgust"": 6.959477466269998e-17, ""fear"": 98.5015869140625, ""happy"": 1.4735511237305392e-17, ""sad"": 0.5991613864898682, ""surprise"": 6.128656471204863e-10, ""neutral"": 0.8011605739593506}"
1325,55.79652166589464,fear,"{""angry"": 0.0888611227273941, ""disgust"": 3.0616124992514893e-16, ""fear"": 99.14508056640625, ""happy"": 2.8030901028155964e-17, ""sad"": 0.49917617440223694, ""surprise"": 4.3888512268885904e-10, ""neutral"": 0.2668790817260742}"
1330,56.007074577841415,fear,"{""angry"": 0.06291918456554413, ""disgust"": 2.2313628216327633e-15, ""fear"": 99.06459045410156, ""happy"": 3.3829410652373086e-17, ""sad"": 0.6842063069343567, ""surprise"": 8.065747514329757e-10, ""neutral"": 0.18828928470611572}"
1335,56.217627489788185,fear,"{""angry"": 0.09354110062122345, ""disgust"": 9.168056938624325e-14, ""fear"": 99.64595794677734, ""happy"": 1.0847941426365168e-15, ""sad"": 0.23639720678329468, ""surprise"": 2.7833546231703643e-11, ""neutral"": 0.024107271805405617}"
1340,56.428180401734956,fear,"{""angry"": 0.25325408577919006, ""disgust"": 1.4340378927737985e-12, ""fear"": 98.46646118164062, ""happy"": 4.269277717672748e-15, ""sad"": 1.2411706447601318, ""surprise"": 8.957312322421807e-12, ""neutral"": 0.03911185637116432}"
1345,56.638733313681726,angry,"{""angry"": 48.41197967529297, ""disgust"": 4.488681497605285e-06, ""fear"": 6.937823295593262, ""happy"": 2.26556427562535e-14, ""sad"": 44.26171112060547, ""surprise"": 5.493469221184988e-11, ""neutral"": 0.3884817957878113}"
1350,56.849286225628504,sad,"{""angry"": 42.400169372558594, ""disgust"": 3.728500450961292e-05, ""fear"": 2.1398274898529053, ""happy"": 1.0744787085894755e-13, ""sad"": 54.734954833984375, ""surprise"": 3.3507027707990744e-10, ""neutral"": 0.7250151634216309}"
1355,57.059839137575274,sad,"{""angry"": 30.242847442626953, ""disgust"": 8.401390914514195e-06, ""fear"": 2.564155340194702, ""happy"": 1.956023538941202e-14, ""sad"": 66.39114379882812, ""surprise"": 5.475784322500621e-12, ""neutral"": 0.8018414378166199}"
1360,57.270392049522044,sad,"{""angry"": 0.013637206517159939, ""disgust"": 0.003812269540503621, ""fear"": 36.62586212158203, ""happy"": 2.455544378943131e-10, ""sad"": 63.352596282958984, ""surprise"": 2.7843181861671173e-13, ""neutral"": 0.0040976363234221935}"
1365,57.480944961468815,sad,"{""angry"": 0.07015667110681534, ""disgust"": 0.0024367866571992636, ""fear"": 29.580955505371094, ""happy"": 4.3115036874041834e-08, ""sad"": 70.26568603515625, ""surprise"": 6.814499659002493e-11, ""neutral"": 0.0807599201798439}"
1370,57.69149787341559,sad,"{""angry"": 0.09326488524675369, ""disgust"": 0.0021384130232036114, ""fear"": 27.965423583984375, ""happy"": 2.0407311751569068e-07, ""sad"": 71.76514434814453, ""surprise"": 2.297776136028773e-10, ""neutral"": 0.17403599619865417}"
1375,57.90205078536236,sad,"{""angry"": 0.0976255014538765, ""disgust"": 0.002192484214901924, ""fear"": 28.232219696044922, ""happy"": 2.2626505824518972e-07, ""sad"": 71.48762512207031, ""surprise"": 2.6054933210950537e-10, ""neutral"": 0.18034325540065765}"
1380,58.11260369730913,sad,"{""angry"": 0.09604211151599884, ""disgust"": 0.0020881518721580505, ""fear"": 28.36606216430664, ""happy"": 2.1137091721357137e-07, ""sad"": 71.36009216308594, ""surprise"": 2.4024723876969745e-10, ""neutral"": 0.1757183074951172}"
1385,58.3231566092559,sad,"{""angry"": 0.09760439395904541, ""disgust"": 0.0021322204265743494, ""fear"": 28.483911514282227, ""happy"": 2.2948013622681174e-07, ""sad"": 71.2322006225586, ""surprise"": 2.6454807788844903e-10, ""neutral"": 0.1841522753238678}"
1390,58.53370952120268,fear,"{""angry"": 1.7639133155413628e-13, ""disgust"": 6.060210596371651e-23, ""fear"": 99.7892074584961, ""happy"": 7.631768106364234e-09, ""sad"": 0.21079137921333313, ""surprise"": 1.6861714895375477e-20, ""neutral"": 6.649820250004268e-09}"
1395,58.74426243314945,fear,"{""angry"": 1.7682947120456483e-13, ""disgust"": 6.108144940416501e-23, ""fear"": 99.79086303710938, ""happy"": 7.715923011630821e-09, ""sad"": 0.20914366841316223, ""surprise"": 1.6375843220728607e-20, ""neutral"": 6.383732653603147e-09}"
1400,58.95481534509622,fear,"{""angry"": 1.8006134235547255e-13, ""disgust"": 6.27459396032941e-23, ""fear"": 99.79005432128906, ""happy"": 7.742736229943148e-09, ""sad"": 0.20994512736797333, ""surprise"": 1.676136431614087e-20, ""neutral"": 6.468546143167941e-09}"
1405,59.16536825704299,fear,"{""angry"": 1.834030296339259e-13, ""disgust"": 6.338113040417806e-23, ""fear"": 99.7879409790039, ""happy"": 7.575834182205199e-09, ""sad"": 0.21206621825695038, ""surprise"": 1.7228729440169e-20, ""neutral"": 6.77356082334768e-09}"
1410,59.37592116898977,fear,"{""angry"": 1.8386969735401798e-13, ""disgust"": 6.434221542222692e-23, ""fear"": 99.7933349609375, ""happy"": 7.775698307455059e-09, ""sad"": 0.20666983723640442, ""surprise"": 1.748991171858262e-20, ""neutral"": 6.7308212337025e-09}"
1415,59.58647408093654,fear,"{""angry"": 1.8323924734324482e-13, ""disgust"": 6.336972032004495e-23, ""fear"": 99.78862762451172, ""happy"": 7.570656990196767e-09, ""sad"": 0.2113739252090454, ""surprise"": 1.7264178653060872e-20, ""neutral"": 6.76656997100622e-09}"
1420,59.79702699288331,fear,"{""angry"": 1.8555065795476666e-13, ""disgust"": 6.601258736826535e-23, ""fear"": 99.79776763916016, ""happy"": 7.626630882384688e-09, ""sad"": 0.2022329419851303, ""surprise"": 1.6941823783409543e-20, ""neutral"": 6.4465424109982905e-09}"
1425,60.00757990483008,angry,"{""angry"": 81.55339050292969, ""disgust"": 0.0018641699571162462, ""fear"": 0.06493993103504181, ""happy"": 2.149195909500122, ""sad"": 3.151336908340454, ""surprise"": 2.977825403213501, ""neutral"": 10.101449966430664}"
1430,60.21813281677686,angry,"{""angry"": 81.55339050292969, ""disgust"": 0.0018641699571162462, ""fear"": 0.06493993103504181, ""happy"": 2.149195909500122, ""sad"": 3.151336908340454, ""surprise"": 2.977825403213501, ""neutral"": 10.101449966430664}"
