frame,timestamp_sec,emotion,angry,disgust,fear,happy,sad,surprise,neutral
0,0.0,sad,2.3094301223754883,0.005079246591776609,34.42109680175781,0.38450896739959717,46.78655242919922,1.2482092870413908e-07,16.093332290649414
5,0.21055291194677223,fear,7.6076483726501465,0.017497746273875237,45.39897918701172,3.2315447330474854,34.05543518066406,1.7757275827534613e-07,9.68889331817627
10,0.42110582389354445,angry,60.971927642822266,0.004462988581508398,9.743796348571777,3.8739781379699707,13.908089637756348,1.7111284478232847e-06,11.497739791870117
15,0.6316587358403166,angry,81.37647247314453,0.002408633241429925,2.4222724437713623,6.635949611663818,2.4037857055664062,3.157899527650443e-06,7.159110069274902
20,0.8422116477870889,angry,47.878536224365234,0.014793207868933678,7.578591346740723,4.08192253112793,20.466310501098633,1.6466376109747216e-05,19.979825973510742
25,1.052764559733861,sad,27.915325164794922,0.024655606597661972,7.635935306549072,7.8680195808410645,34.446041107177734,1.2713508112938143e-05,22.110008239746094
30,1.2633174716806332,happy,2.0591890811920166,0.04291989281773567,3.1637120246887207,85.93354034423828,8.27331256866455,5.359243573366257e-07,0.5273206830024719
35,1.4738703836274056,happy,0.017191093415021896,0.00010222714627161622,0.02565249614417553,99.84574127197266,0.11124514788389206,4.185845892124007e-09,6.184296944411471e-05
40,1.6844232955741778,happy,0.0008539067348465323,6.516650500998367e-06,0.0009908165084198117,99.98527526855469,0.012862100265920162,1.3185219582823038e-10,6.38050960333203e-06
45,1.89497620752095,happy,0.013548455201089382,9.376281923323404e-06,4.5423945266520604e-05,99.98603820800781,9.090504318010062e-05,4.527272168264318e-10,0.00027710001450031996
50,2.105529119467722,happy,5.540769100189209,0.0010797485010698438,0.02056117169559002,94.42164611816406,0.002115577692165971,8.462927070240767e-08,0.013820555992424488
55,2.3160820314144943,angry,98.08917999267578,6.767862032575067e-06,0.017059825360774994,0.7791247963905334,0.018177155405282974,1.3697478607355151e-05,1.096439242362976
60,2.5266349433612665,neutral,0.28721097111701965,2.5554605599609204e-05,0.04522860050201416,0.014504204504191875,0.00153350830078125,0.01752476952970028,99.63396453857422
65,2.737187855308039,neutral,0.006419401150196791,3.405691677471623e-05,0.7205158472061157,0.07422522455453873,0.0007220979314297438,0.41606611013412476,98.78201293945312
70,2.9477407672548113,neutral,0.06878688186407089,0.00015790591714903712,2.8742380142211914,0.02012222819030285,0.0004961445811204612,1.0946470499038696,95.9415512084961
75,3.1582936792015834,neutral,0.06590604037046432,0.00015192991122603416,2.5610485076904297,0.019190289080142975,0.000500752532389015,0.9516222476959229,96.40158081054688
80,3.3688465911483556,neutral,0.3599872589111328,0.03473063185811043,7.57546854019165,0.06808629631996155,0.1403862088918686,0.4516759514808655,91.36966705322266
85,3.5793995030951278,neutral,0.16374541819095612,0.07123953849077225,5.561470031738281,18.083032608032227,5.190742015838623,0.09136305004358292,70.83840942382812
90,3.7899524150419,neutral,0.38715818524360657,0.011367340572178364,1.151406168937683,5.554174423217773,9.385250091552734,0.002053879899904132,83.50859069824219
95,4.000505326988672,neutral,0.2402595728635788,4.839542452828027e-05,0.25567427277565,5.004180431365967,4.884481430053711,0.000586901674978435,89.6147689819336
100,4.211058238935444,neutral,0.12553708255290985,1.5725750927231275e-05,0.3860693871974945,1.0900087356567383,9.31289291381836,0.0002286343660671264,89.08524322509766
105,4.4216111508822165,sad,0.026728620752692223,0.024291470646858215,0.2366621494293213,1.3219064474105835,95.56523132324219,0.0001423081266693771,2.8250434398651123
110,4.632164062828989,sad,1.0434455871582031,0.2986600995063782,1.7101274728775024,0.00863843597471714,96.32112884521484,0.0017153689404949546,0.6162876486778259
115,4.842716974775761,sad,3.3475260734558105,0.061617784202098846,3.5360023975372314,0.06283605098724365,86.5439453125,0.02755054086446762,6.420528888702393
120,5.053269886722533,sad,7.98948860168457,0.11349070072174072,11.332636833190918,0.08254683017730713,70.77007293701172,0.23293432593345642,9.478830337524414
125,5.263822798669306,sad,13.818937301635742,0.6386132836341858,10.708681106567383,0.0840240940451622,63.84640884399414,0.4580383896827698,10.445297241210938
130,5.474375710616078,neutral,2.830552101135254,0.0006029501091688871,1.243340015411377,0.09674875438213348,7.373129367828369,0.027054492384195328,88.4285659790039
135,5.68492862256285,fear,29.414552688598633,0.03152376785874367,33.660709381103516,0.028335927054286003,12.754534721374512,1.0842169523239136,23.0261287689209
140,5.8954815345096225,fear,18.06138801574707,0.6901586055755615,55.46646499633789,0.20962408185005188,2.9427754878997803,21.373125076293945,1.2564570903778076
145,6.106034446456395,surprise,0.004183231852948666,2.0578806925186655e-06,3.4233007431030273,0.011367321014404297,9.705391858005896e-05,96.56102752685547,2.7844014766742475e-05
150,6.316587358403167,surprise,0.0017818346386775374,4.183356395515148e-06,2.3302597999572754,0.002518237801268697,1.2409671398927458e-05,97.66542053222656,7.1888957791088615e-06
155,6.527140270349939,surprise,0.0009542200132273138,3.3359792723786086e-06,1.442626953125,0.0006788783357478678,9.876669537334237e-06,98.55572509765625,2.4082571599137736e-06
160,6.737693182296711,surprise,0.37924739718437195,7.589222406068075e-08,4.982363224029541,0.0003600690688472241,0.014950639568269253,94.62239074707031,0.0006872769445180893
165,6.948246094243483,fear,0.8697717189788818,2.2648916162687494e-12,96.25646209716797,2.9091231112943206e-07,3.9153663237812e-05,2.8737361431121826,1.0825493035326872e-07
170,7.1587990061902556,angry,83.62193298339844,1.64923767442815e-05,6.299279689788818,0.007302550133317709,0.0121766934171319,10.042520523071289,0.0167661365121603
175,7.369351918137028,fear,0.9881112575531006,2.904863460884144e-09,98.75177764892578,0.023071913048624992,9.292594995713443e-07,0.23704130947589874,1.5090736269485205e-06
180,7.5799048300838,fear,0.039282459765672684,1.3417705980645523e-15,99.9607162475586,2.0438491787899693e-08,2.610012249729121e-12,3.687852467848529e-09,2.6445950447308254e-15
185,7.790457742030572,sad,13.903125762939453,0.02815992571413517,24.202739715576172,0.0950542613863945,46.423912048339844,0.2861557900905609,15.060853958129883
190,8.001010653977344,neutral,8.02664852142334,0.00103805644903332,4.371557712554932,0.0055119008757174015,22.87950325012207,0.00521913031116128,64.71051788330078
195,8.211563565924116,sad,1.4816856384277344,5.406476338976063e-05,1.5942493677139282,0.00029075564816594124,55.6422004699707,0.004590881522744894,41.27693176269531
200,8.422116477870889,sad,3.8956046104431152,2.9479582735802978e-05,21.2911434173584,0.001204627682454884,68.18436431884766,0.004114076495170593,6.623540878295898
205,8.63266938981766,neutral,1.7460124492645264,0.00023157733085099608,1.6194881200790405,1.1851876974105835,6.05331563949585,0.00269005517475307,89.39307403564453
210,8.843222301764433,neutral,0.14405040442943573,4.699074452219065e-06,7.60960578918457,0.3217344284057617,3.0486440658569336,0.0100267818197608,88.86592864990234
215,9.053775213711205,sad,1.201935052871704,0.006487673614174128,32.32511520385742,0.09857364743947983,42.76806640625,0.0028887856751680374,23.596933364868164
220,9.264328125657977,sad,0.9830939769744873,0.007010975852608681,48.597896575927734,0.01219659112393856,49.7674560546875,0.00034301538835279644,0.6320018172264099
225,9.47488103760475,fear,3.0056726932525635,0.05460524186491966,70.74559783935547,0.4778808057308197,23.328832626342773,0.2551359236240387,2.1322813034057617
230,9.685433949551522,fear,0.18139825761318207,1.7119493350037374e-05,68.1374282836914,9.055046393768862e-05,31.554716110229492,0.0019487711833789945,0.12440596520900726
235,9.895986861498294,fear,0.1813291758298874,0.0006040879525244236,86.82262420654297,0.000430826359661296,12.604166984558105,0.0004703753220383078,0.39038074016571045
240,10.106539773445066,neutral,16.48572540283203,0.03601571545004845,0.08058541268110275,0.02236010693013668,36.891143798828125,0.00043043523328378797,46.483734130859375
245,10.31709268539184,neutral,29.327665328979492,0.26487940549850464,1.9149129390716553,0.0014753842260688543,19.646087646484375,0.09287656843662262,48.752105712890625
250,10.527645597338612,angry,55.728328704833984,2.7217633724212646,35.11005783081055,1.5417689085006714,0.791472852230072,0.0012627380201593041,4.105349540710449
255,10.738198509285384,fear,4.436914920806885,0.022317059338092804,35.70503616333008,0.01145690307021141,27.01647186279297,0.04986904561519623,32.757938385009766
260,10.948751421232156,fear,2.421205997467041,0.03706216812133789,90.71214294433594,0.08320645242929459,3.5181150436401367,0.6336303949356079,2.594632148742676
265,11.159304333178929,fear,7.823087215423584,7.953461170196533,67.33065795898438,2.5300850868225098,9.7320556640625,0.6508200168609619,3.9798293113708496
270,11.3698572451257,fear,24.35980796813965,9.55617904663086,33.01062774658203,0.23848707973957062,17.0579776763916,4.978908061981201,10.79801082611084
275,11.580410157072473,happy,8.4244265963207e-07,5.118626453004841e-15,4.48788384233012e-09,99.83745574951172,6.349055752252752e-07,0.0005032410845160484,0.16203927993774414
280,11.790963069019245,happy,1.4229699729639833e-07,5.513877966577708e-16,3.298090966996625e-10,99.98455047607422,4.3649169612081096e-08,2.8465847208281048e-05,0.015413976274430752
285,12.001515980966017,happy,4.9942336772801355e-06,1.3081882582408055e-12,7.198348725978576e-07,98.93099212646484,4.718749187304638e-05,0.0032866366673260927,1.0656689405441284
290,12.21206889291279,happy,2.059618509520078e-06,8.272021847881283e-13,3.68629071090254e-06,99.20043182373047,8.854137558955699e-05,0.0019731095526367426,0.7974954843521118
295,12.422621804859562,happy,5.283852442516945e-05,1.3854123404044572e-09,4.0018317122303415e-06,99.85700225830078,5.574742681346834e-05,7.394186104647815e-05,0.14281900227069855
300,12.633174716806334,happy,0.0014739854959771037,2.9390175768639892e-05,0.00033660302869975567,97.33624267578125,0.013456964865326881,0.0003701031091623008,2.6480908393859863
305,12.843727628753106,happy,0.1615014225244522,0.00022777673439122736,0.005613191053271294,95.08531951904297,0.08087825775146484,0.0036029373295605183,4.6628594398498535
310,13.054280540699878,happy,0.00017212680540978909,2.8983055538889246e-11,1.625917889214179e-06,99.86697387695312,0.0026596023235470057,0.0800524353981018,0.050140056759119034
315,13.26483345264665,happy,0.02957114763557911,1.9347942725289613e-05,0.00913827121257782,99.33094787597656,0.02066214568912983,0.3075689971446991,0.3020838499069214
320,13.475386364593422,happy,0.01442702580243349,1.307215029555664e-07,0.00014179399295244366,99.97208404541016,0.0007535367039963603,0.000598590646404773,0.011992644518613815
325,13.685939276540195,fear,0.0670330673456192,9.062712602939116e-13,99.44253540039062,0.008918775245547295,0.4780537188053131,4.620735126081854e-06,0.003460000501945615
330,13.896492188486967,fear,0.0004585834685713053,6.770266849465638e-17,99.69549560546875,1.0294101002727984e-06,0.2825990617275238,6.585839651407355e-10,0.021448511630296707
335,14.107045100433739,fear,2.24619398068171e-05,4.522303037578239e-20,99.34444427490234,2.9077493884921424e-11,0.65407794713974,1.5324683796252847e-12,0.0014497209340333939
340,14.317598012380511,fear,0.001217131968587637,1.250869796198123e-14,68.52008819580078,1.1996272064607183e-07,31.376436233520508,3.749326626945049e-09,0.10225652158260345
345,14.528150924327283,fear,0.00035540241515263915,9.61453630604495e-15,65.66734313964844,2.539138677093433e-07,34.304019927978516,7.761882692136624e-09,0.028282197192311287
350,14.738703836274055,happy,1.7916405200958252,1.270917296409607,8.572773933410645,49.10652160644531,15.933145523071289,0.0031899777241051197,23.32181739807129
355,14.949256748220828,fear,11.91052532196045,0.15317414700984955,33.74760055541992,24.540510177612305,13.729461669921875,0.0008664042106829584,15.917865753173828
360,15.1598096601676,fear,17.27578353881836,9.040278434753418,25.856311798095703,4.942372798919678,18.20054817199707,0.3376319706439972,24.34706687927246
365,15.370362572114372,neutral,6.0752949714660645,0.4236483573913574,6.898306369781494,1.7446174621582031,15.146854400634766,0.16312013566493988,69.54816436767578
370,15.580915484061144,happy,18.2417049407959,1.6280280351638794,10.262552261352539,31.97227668762207,14.60926628112793,0.25027936697006226,23.035892486572266
375,15.791468396007916,happy,12.517823219299316,1.9007689952850342,8.335814476013184,28.13289451599121,28.00806999206543,0.005370585713535547,21.09925079345703
380,16.00202130795469,neutral,16.065059661865234,0.00479423813521862,1.6199909448623657,0.1155792772769928,11.361236572265625,0.006713483948260546,70.82662200927734
385,16.212574219901462,neutral,18.14656639099121,0.02546142414212227,8.37288761138916,15.669071197509766,11.40086841583252,0.0005185023183003068,46.38462829589844
390,16.423127131848233,neutral,20.134151458740234,0.24952459335327148,0.21009112894535065,4.257946968078613,23.254056930541992,0.0010959639912471175,51.893131256103516
395,16.633680043795007,neutral,24.44318962097168,7.668460369110107,0.5431712865829468,2.2553439140319824,25.55014419555664,0.007151981815695763,39.532535552978516
400,16.844232955741777,neutral,0.5000393390655518,0.12556159496307373,4.074596881866455,15.269618034362793,11.104384422302246,0.0025489081162959337,68.92325592041016
405,17.05478586768855,happy,3.3221919536590576,0.06903011351823807,0.7904000282287598,54.515010833740234,9.341192245483398,0.002363591454923153,31.95980453491211
410,17.26533877963532,fear,2.6877806186676025,6.894487887620926e-05,42.605621337890625,0.029456527903676033,42.00864028930664,0.013845170848071575,12.654586791992188
415,17.475891691582095,fear,10.128847122192383,0.008876226842403412,63.7178955078125,0.20724675059318542,16.600828170776367,2.8007452487945557,6.535558223724365
420,17.686444603528866,neutral,3.349456310272217,0.020661069080233574,24.818532943725586,2.978681802749634,8.494854927062988,0.4769134819507599,59.860897064208984
425,17.89699751547564,sad,1.2229920625686646,0.0007709030760452151,20.231801986694336,0.42239251732826233,53.92470932006836,0.015482335351407528,24.18185043334961
430,18.10755042742241,sad,1.3957486152648926,0.05260717496275902,39.29600524902344,2.726628541946411,41.98704528808594,0.09190534800291061,14.450054168701172
435,18.318103339369184,sad,1.6282035112380981,1.6257166862487793,30.409557342529297,2.378148317337036,43.29432678222656,0.031093647703528404,20.63295555114746
440,18.528656251315955,neutral,0.03941148892045021,0.0011904678540304303,10.604084968566895,32.54458236694336,0.25863417983055115,0.05888016149401665,56.49321746826172
445,18.73920916326273,happy,0.06287258863449097,0.035695113241672516,6.843655586242676,77.97359466552734,1.410987377166748,0.0076714809983968735,13.665519714355469
450,18.9497620752095,fear,0.5141870975494385,0.0003087656223215163,69.81462860107422,3.9134366512298584,5.193800926208496,0.17417365312576294,20.389467239379883
455,19.160314987156273,happy,0.00011886789434356615,2.785175645669824e-09,1.9923537308841333e-07,99.67643737792969,0.00024043480516411364,0.0009481391170993447,0.32226139307022095
460,19.370867899103043,neutral,0.30560606718063354,0.002177841728553176,0.20025111734867096,0.20889084041118622,2.561769962310791,2.835672378540039,93.88562774658203
465,19.581420811049817,neutral,1.0231126546859741,0.0031046238727867603,0.6759169697761536,11.263971328735352,4.079371452331543,6.448575019836426,76.50595092773438
470,19.791973722996588,neutral,0.2369106560945511,0.0005238212179392576,0.21613088250160217,30.85755729675293,2.399723768234253,21.553319931030273,44.735836029052734
475,20.00252663494336,happy,0.01362890750169754,8.429167053236597e-08,7.284236907958984,92.59154510498047,0.03954622521996498,0.04279513284564018,0.02824551798403263
480,20.213079546890132,fear,0.1330375373363495,0.0004966420237906277,50.200279235839844,0.8274009227752686,0.027615614235401154,41.20738220214844,7.603792667388916
485,20.423632458836906,surprise,7.621889924758207e-11,1.1136195585012457e-19,0.02228780835866928,3.1482802569371415e-06,1.312582854906541e-11,99.97771453857422,1.0327689766755077e-14
490,20.63418537078368,surprise,1.2069094335043218e-10,2.985433135302296e-17,0.08992056548595428,1.808125631441726e-07,9.92718462988762e-10,99.91007995605469,1.0443316540318867e-14
495,20.84473828273045,surprise,0.000774983549490571,3.4261533610191464e-09,2.501612424850464,2.798598051071167,4.030398849863559e-05,94.69890594482422,6.643489905400202e-05
500,21.055291194677224,fear,0.33477506041526794,0.03384058177471161,54.95795440673828,0.07589641213417053,0.5904038548469543,43.75360870361328,0.25352784991264343
505,21.265844106623994,surprise,3.0219400315445455e-08,1.8243116361788323e-16,0.33227211236953735,0.00015723826072644442,1.2788549774711555e-08,99.66757202148438,2.4012122585431728e-12
510,21.47639701857077,surprise,0.6051583886146545,0.033234547823667526,33.25133514404297,1.6929079294204712,0.1251484900712967,64.28297424316406,0.009249131195247173
515,21.68694993051754,surprise,0.0003009627398569137,5.130459168611878e-09,2.3746631145477295,0.5790375471115112,0.00031034433050081134,97.04562377929688,6.870239303680137e-05
520,21.897502842464313,surprise,2.031450033187866,0.11737895756959915,6.125230312347412,0.009026256389915943,0.12037350982427597,91.58910369873047,0.007437410764396191
525,22.108055754411083,surprise,14.348623275756836,0.8074555993080139,37.10770034790039,0.09045694768428802,6.441232204437256,39.77908706665039,1.4254478216171265
530,22.318608666357857,surprise,26.291088104248047,0.05069148540496826,22.204082489013672,0.0292044747620821,12.303640365600586,34.518795013427734,4.602496147155762
535,22.529161578304628,fear,2.31050181388855,0.018186800181865692,56.38206481933594,0.21958819031715393,2.1897239685058594,37.33892059326172,1.5410045385360718
540,22.7397144902514,fear,0.5363548398017883,0.00010354207188356668,50.70102310180664,0.2528265416622162,16.485218048095703,6.753236770629883,25.271240234375
545,22.950267402198172,sad,25.044710159301758,0.0029681397136300802,18.129074096679688,0.004766271915286779,40.68873596191406,0.2873646020889282,15.842376708984375
550,23.160820314144946,neutral,1.572658658027649,0.00015257843188010156,22.019338607788086,0.07215114682912827,22.0368595123291,1.7905348539352417,52.50830841064453
555,23.371373226091716,surprise,0.030461860820651054,1.1692836778820492e-06,1.071415901184082,36.366050720214844,0.010750867426395416,62.361446380615234,0.15987922251224518
560,23.58192613803849,happy,3.4782078728312626e-06,1.192547681428107e-14,2.0287142632469113e-08,99.39588928222656,1.563407204230316e-05,0.21996353566646576,0.384117990732193
565,23.79247904998526,happy,9.283667168347165e-08,4.478980099230628e-20,3.838263928912511e-09,98.75674438476562,3.322889341461632e-08,1.243167519569397,9.292698814533651e-05
570,24.003031961932034,surprise,23.881481170654297,0.04193009063601494,21.181833267211914,0.0399622842669487,8.924088478088379,25.840967178344727,20.089740753173828
575,24.213584873878805,fear,3.7348792552948,0.05721440538764,58.55085754394531,37.139984130859375,0.509073793888092,0.0032269698567688465,0.004760713782161474
580,24.42413778582558,happy,2.999089479446411,0.020377567037940025,10.554080963134766,86.29747009277344,0.12486524134874344,0.0026442972011864185,0.0014662196626886725
585,24.63469069777235,happy,3.2648940086364746,0.01048034057021141,6.349793910980225,90.29185485839844,0.07234691083431244,0.008843876421451569,0.001787581597454846
590,24.845243609719123,fear,4.596195220947266,0.033769723027944565,77.2183609008789,17.552608489990234,0.5622863173484802,0.02151787094771862,0.015266227535903454
595,25.055796521665894,happy,5.935633659362793,0.13623180985450745,37.69487762451172,55.524986267089844,0.6545287370681763,0.04017828777432442,0.013565693981945515
600,25.266349433612667,fear,31.087108612060547,0.3177871108055115,36.72673034667969,31.210132598876953,0.11149106919765472,0.537237823009491,0.009509450756013393
605,25.476902345559438,happy,11.975652694702148,0.08587531000375748,40.540809631347656,47.02815628051758,0.26725754141807556,0.0979161486029625,0.004331750329583883
610,25.687455257506212,fear,10.74850845336914,0.15240061283111572,60.369380950927734,28.284154891967773,0.09733107686042786,0.3455677032470703,0.002653268864378333
615,25.898008169452982,fear,3.874474048614502,0.004056850913912058,65.49871063232422,30.571712493896484,0.009276540018618107,0.04155736416578293,0.00021589612879324704
620,26.108561081399756,fear,0.3972606658935547,0.0024226366076618433,91.24774932861328,8.351980209350586,0.0004281765432097018,3.5044922697125e-05,0.00012422632426023483
625,26.319113993346527,happy,2.2609028816223145,0.03620623052120209,27.877777099609375,62.507057189941406,0.31233489513397217,0.0290200337767601,6.9766998291015625
630,26.5296669052933,happy,0.3313668668270111,0.0011070563923567533,0.15780603885650635,82.60173797607422,0.3327680230140686,0.03874150291085243,16.536479949951172
635,26.74021981724007,happy,0.3999754786491394,0.0005251281545497477,0.05676655098795891,99.42613983154297,0.07792730629444122,2.7275564207229763e-05,0.03863358497619629
640,26.950772729186845,happy,1.6711905002593994,0.00266121793538332,1.9558587074279785,95.78755187988281,0.582472026348114,2.3104175284061057e-07,0.0002640063758008182
645,27.161325641133615,happy,2.882735252380371,0.07422897219657898,4.263581275939941,71.36730194091797,21.353961944580078,0.00028797221602872014,0.057901278138160706
650,27.37187855308039,happy,1.1663806438446045,0.0011861383682116866,4.327687740325928,86.46884155273438,8.014361381530762,0.00011557473771972582,0.021426482126116753
655,27.582431465027163,fear,12.527448654174805,0.031444478780031204,41.07719421386719,26.916397094726562,19.17185401916504,0.027947209775447845,0.24771416187286377
660,27.792984376973934,fear,15.887001991271973,0.0367775596678257,71.90074920654297,6.688973903656006,5.379691123962402,0.035079825669527054,0.07172895222902298
665,28.003537288920707,fear,16.204870223999023,1.1325603723526,27.84035873413086,17.25673484802246,11.858504295349121,0.1770562380552292,25.52991485595703
670,28.214090200867478,angry,46.33545684814453,0.05759395286440849,28.78544044494629,10.608061790466309,12.886733055114746,0.017031827941536903,1.3096842765808105
675,28.424643112814252,angry,43.21694564819336,0.02014932967722416,13.342232704162598,7.107021331787109,35.235137939453125,0.00018463199376128614,1.0783313512802124
680,28.635196024761022,fear,5.786716938018799,0.017566151916980743,89.2730941772461,0.12566983699798584,4.779602527618408,4.512429313763278e-06,0.017348721623420715
685,28.845748936707796,fear,12.02039623260498,0.020914647728204727,87.57230377197266,0.0022651865147054195,0.38284146785736084,1.7590302377357148e-05,0.0012634912272915244
690,29.056301848654567,fear,18.76631736755371,0.13942959904670715,80.77093505859375,0.007925543934106827,0.3118744492530823,0.00032846457906998694,0.003193298354744911
695,29.26685476060134,fear,21.862192153930664,0.10154726356267929,77.65940856933594,0.028381280601024628,0.34142154455184937,0.0010007919045165181,0.006050519645214081
700,29.47740767254811,fear,34.982852935791016,2.717029656817971e-10,51.900062561035156,13.116750717163086,0.0003378333058208227,3.0161144849022437e-12,1.1516187115034882e-08
705,29.687960584494885,happy,0.025222335010766983,0.007434605620801449,0.12481146305799484,99.28519439697266,0.0420885905623436,0.0006506560021080077,0.5146011114120483
710,29.898513496441655,happy,0.0010574510088190436,6.053969991626218e-05,0.052553508430719376,99.75381469726562,0.002727955114096403,7.340843148995191e-05,0.18970726430416107
715,30.10906640838843,happy,0.0001529092260170728,1.6329894947375578e-07,0.00279413303360343,99.70417022705078,0.0036591135431081057,0.0018637556349858642,0.2873624861240387
720,30.3196193203352,happy,0.04234180971980095,0.0005374467582441866,0.2018040269613266,99.52571868896484,0.007407346274703741,0.00044478505151346326,0.2217361330986023
725,30.530172232281974,happy,0.1805243194103241,0.07700519263744354,14.514449119567871,84.44684600830078,0.590843677520752,0.00046697008656337857,0.18986745178699493
730,30.740725144228744,happy,0.0009734178893268108,6.740450317010982e-06,0.00248603243380785,99.99506378173828,1.9894174329238012e-05,5.216020895204565e-07,0.0014540405245497823
735,30.951278056175518,happy,0.005678717512637377,0.0001280306896660477,0.08507538586854935,99.89326477050781,0.0002807625278364867,1.702185909380205e-05,0.015556072816252708
740,31.16183096812229,happy,0.05048088729381561,0.00011844360415125266,2.074572801589966,97.86125183105469,0.0011558259138837457,0.0007942185620777309,0.011623682454228401
745,31.372383880069062,fear,18.503707885742188,4.6384042575809206e-14,81.49601745605469,0.00027543201576918364,1.7047530320724036e-07,1.0211149287231436e-10,3.83196495368221e-11
750,31.582936792015833,fear,11.788862228393555,6.10603554480546e-14,88.21113586425781,5.2783307182835415e-06,1.243553242602502e-07,3.9865714895892523e-11,1.359919208493432e-11
755,31.793489703962607,fear,3.970327615737915,6.481202191957209e-15,96.02967834472656,2.536680909770439e-08,5.087560239758204e-08,6.07534595548076e-12,1.782863093269249e-11
760,32.00404261590938,angry,88.78607940673828,4.3879804303981196e-12,11.01400375366211,2.6510029726978246e-08,0.18698011338710785,6.696310350662316e-08,0.012942959554493427
765,32.21459552785615,fear,16.36882972717285,1.0395839744603563e-09,83.62313842773438,2.5463400277203618e-08,0.007873344235122204,7.6888774458439e-08,0.0001663864532019943
770,32.425148439802925,fear,0.9482030868530273,0.10862569510936737,95.15421295166016,1.3326497077941895,1.7711676359176636,0.17451944947242737,0.5106169581413269
775,32.635701351749695,happy,0.17192023992538452,0.13573899865150452,8.222497940063477,86.68340301513672,2.37608003616333,0.010414732620120049,2.3999435901641846
780,32.846254263696466,happy,0.0009437303524464369,0.00045295534073375165,0.08297635614871979,97.49519348144531,0.041196439415216446,0.00047417733003385365,2.3787589073181152
785,33.056807175643236,angry,88.29206085205078,4.298246494727209e-06,11.70211410522461,0.005790511146187782,3.026296144525986e-05,4.26116275775712e-06,3.6271831049816683e-07
790,33.26736008759001,angry,91.57994079589844,1.3831801481956063e-07,8.392166137695312,0.027414632961153984,0.00048279642942361534,1.2290893858235563e-09,5.122022344039578e-07
795,33.477912999536784,angry,75.6328353881836,0.4765832722187042,2.056943893432617,0.13262946903705597,10.622618675231934,0.0039421203546226025,11.074446678161621
800,33.688465911483554,angry,88.7048110961914,0.39693647623062134,1.1257686614990234,0.0420396514236927,5.511691093444824,0.004341346677392721,4.214420795440674
805,33.899018823430325,angry,55.55204391479492,0.5717400312423706,6.2363457679748535,0.020525997504591942,27.733139038085938,9.834281081566587e-05,9.886114120483398
810,34.1095717353771,angry,53.541786193847656,0.14711132645606995,0.39607980847358704,0.1417677253484726,32.56524658203125,0.002770583610981703,13.20523738861084
815,34.32012464732387,angry,77.53768157958984,0.00017183316231239587,0.038032617419958115,0.0006284737028181553,18.85147476196289,0.006100284401327372,3.5659167766571045
820,34.53067755927064,angry,94.84561157226562,0.022714076563715935,0.285003125667572,0.009888610802590847,3.3025095462799072,0.1486104428768158,1.3856608867645264
825,34.74123047121742,angry,95.87432098388672,0.008608521893620491,0.140127032995224,0.003976659849286079,2.6932361125946045,0.3612648844718933,0.918470025062561
830,34.95178338316419,angry,98.75177001953125,0.05435175821185112,0.04709430783987045,0.0011537792161107063,0.7324302792549133,0.37605178356170654,0.037146035581827164
835,35.16233629511096,angry,99.76299285888672,0.007720246911048889,0.03207092732191086,0.003093600505962968,0.15363678336143494,0.012601315975189209,0.027888111770153046
840,35.37288920705773,angry,99.75241088867188,0.007106168195605278,0.0160644743591547,0.0024824533611536026,0.12385236471891403,0.06887990981340408,0.0292135551571846
845,35.58344211900451,angry,71.1714096069336,1.4902535676956177,2.0391178131103516,7.451042652130127,7.643681049346924,0.9464489221572876,9.258048057556152
850,35.79399503095128,angry,99.62657165527344,0.08936690539121628,0.058686330914497375,0.01811869628727436,0.11898038536310196,0.010219982825219631,0.07805349677801132
855,36.00454794289805,angry,99.65135192871094,0.034807585179805756,0.02119116298854351,0.015862246975302696,0.106865793466568,0.13687871396541595,0.03304031491279602
860,36.21510085484482,angry,98.13811492919922,0.03163927048444748,0.41050490736961365,0.030157973989844322,1.2709077596664429,0.01018221490085125,0.1084914430975914
865,36.4256537667916,angry,96.00984191894531,0.0969805046916008,0.6381614804267883,0.003273430746048689,2.3871548175811768,0.025732209905982018,0.8388506770133972
870,36.63620667873837,sad,41.857357025146484,0.006097937934100628,1.1299750804901123,0.0060327318497002125,49.29476547241211,0.005660464521497488,7.700104236602783
875,36.84675959068514,angry,80.78732299804688,0.008197661489248276,0.4186127483844757,0.004293201491236687,16.07185173034668,0.001622851355932653,2.7081079483032227
880,37.05731250263191,angry,83.58899688720703,0.03358575329184532,0.4505745470523834,0.01676848530769348,8.248262405395508,0.010533405467867851,7.651284217834473
885,37.26786541457869,neutral,35.948787689208984,0.001229245332069695,0.09923509508371353,0.092553049325943,7.642416477203369,0.002238034037873149,56.21354675292969
890,37.47841832652546,angry,88.35099792480469,0.5721803903579712,0.07079651206731796,0.18975314497947693,1.5078517198562622,0.1361612230539322,9.172263145446777
895,37.68897123847223,neutral,2.036917209625244,1.7255517832381884e-06,8.886414527893066,0.05401839315891266,22.4081974029541,0.0008794957539066672,66.61357116699219
900,37.899524150419,sad,19.727741241455078,0.000715464586392045,4.572443962097168,0.011272859759628773,62.1172981262207,0.0005688415840268135,13.569963455200195
905,38.110077062365775,happy,1.137056827545166,6.625918924640928e-09,0.008176864124834538,98.76275634765625,0.0009791647316887975,0.003256793599575758,0.0877835750579834
910,38.320629974312546,happy,8.423312187194824,0.0009569311514496803,0.7121196985244751,47.63140106201172,27.00738525390625,0.007824218831956387,16.216997146606445
915,38.531182886259316,neutral,1.9196876287460327,0.0006489146617241204,0.9631048440933228,45.98516845703125,1.5131791830062866,0.07406747341156006,49.54414749145508
920,38.741735798206086,fear,7.130710601806641,0.0022242714185267687,90.55459594726562,2.3112690448760986,0.0011964673176407814,2.3596903986344842e-07,4.481650194065878e-06
925,38.952288710152864,happy,0.7393555045127869,0.0008895245264284313,2.0005388259887695,56.25642776489258,39.04685592651367,0.004280249122530222,1.951653242111206
930,39.162841622099634,sad,4.5973005294799805,0.0284949392080307,6.668157577514648,11.73868465423584,44.947914123535156,0.009668352082371712,32.00978088378906
935,39.373394534046405,sad,0.053461045026779175,2.488113022991456e-05,0.027797134593129158,0.0034725733567029238,99.86425018310547,1.6225145316184353e-07,0.05099168047308922
940,39.583947445993175,sad,19.812013626098633,0.04634800925850868,19.27435302734375,5.726553916931152,32.0260009765625,0.06676904857158661,23.047958374023438
945,39.79450035793995,happy,7.559016376035288e-05,1.1608903172088958e-08,0.0003761902335099876,99.99308776855469,0.005207011941820383,2.1406706309790025e-06,0.001249196589924395
950,40.00505326988672,happy,0.0006456897244788706,4.2970359004357306e-07,0.004666810389608145,99.95733642578125,0.022284604609012604,9.169943950837478e-06,0.015056201256811619
955,40.21560618183349,happy,0.0014997918624430895,1.1903491667908384e-06,0.008605089038610458,99.92269897460938,0.03259668126702309,1.666352000029292e-05,0.034565702080726624
960,40.426159093780264,happy,0.0002797868219204247,4.133154973828823e-08,0.00041796351433731616,99.97765350341797,0.007833546958863735,4.970150712324539e-06,0.013810118660330772
965,40.63671200572704,happy,9.253540338249877e-05,3.6912425116497616e-08,0.0003061934548895806,99.98043823242188,0.006566727068275213,8.925378097046632e-06,0.012577700428664684
970,40.84726491767381,happy,0.0017703801859170198,4.669372231091984e-07,0.0007903137593530118,99.96340942382812,0.026110472157597542,5.349981506697077e-07,0.007906029000878334
975,41.05781782962058,happy,0.005383183714002371,8.059752872213721e-06,0.00013139017391949892,99.7209243774414,0.23195472359657288,4.290584953992038e-08,0.04158645495772362
980,41.26837074156736,happy,0.28211483359336853,0.0020336960442364216,0.0048714280128479,95.27394104003906,3.9424891471862793,5.453370249597356e-06,0.49453380703926086
985,41.47892365351413,happy,0.6357800364494324,0.0012017270782962441,0.01632838323712349,94.11802673339844,3.2627530097961426,4.759574494528351e-06,1.965902328491211
990,41.6894765654609,happy,0.08111467957496643,0.00012066937779309228,0.07358066737651825,97.9701156616211,1.6909056901931763,5.941716881352477e-05,0.18410663306713104
995,41.90002947740767,happy,0.02403310127556324,0.0003414909588173032,0.0012961628381162882,97.21825408935547,1.5754554271697998,8.443840329164232e-07,1.1806217432022095
1000,42.11058238935445,happy,0.054452456533908844,0.06690501421689987,0.4919127821922302,94.01603698730469,0.8093221783638,0.08484479784965515,4.4765238761901855
1005,42.32113530130122,happy,0.0009471789235249162,0.005505057517439127,0.7886356115341187,99.20262145996094,4.16592629335355e-05,4.986042040400207e-05,0.002202320145443082
1010,42.53168821324799,happy,0.06924180686473846,0.010273166000843048,0.09825163334608078,99.66461944580078,0.014717243611812592,0.021696027368307114,0.12119758129119873
1015,42.74224112519476,happy,0.0037048510275781155,0.00021649034169968218,0.07640952616930008,99.91609954833984,3.19856007990893e-05,0.0002302950160810724,0.003311803098767996
1020,42.95279403714154,happy,0.012999296188354492,0.0023434474132955074,2.4235947132110596,97.55579376220703,0.00016881882038433105,0.0005190591909922659,0.004581041634082794
1025,43.16334694908831,happy,0.00011926662409678102,8.175249604391865e-06,0.001477135461755097,99.99152374267578,4.551035999611486e-06,1.4626716620114166e-05,0.006853002589195967
1030,43.37389986103508,happy,0.008331352844834328,0.00017448040307499468,0.0263537485152483,99.95355224609375,7.167869625845924e-05,8.301855996251106e-05,0.01143044512718916
1035,43.58445277298185,happy,0.003037787973880768,2.593208421330928e-07,0.0010654206853359938,99.96000671386719,2.7034937374992296e-05,9.095014684135094e-05,0.03576504439115524
1040,43.795005684928626,happy,0.6568459272384644,0.43304315209388733,45.70852279663086,53.01451873779297,0.08363256603479385,0.05416744947433472,0.04927561432123184
1045,44.005558596875396,fear,0.007767828181385994,0.0015928708016872406,94.86270904541016,0.0053247674368321896,5.122307777404785,7.979433291893656e-08,0.00029666384216398
1050,44.216111508822166,fear,2.4423489570617676,0.006417033728212118,89.08082580566406,0.04965478554368019,3.7359049320220947,0.05866150185465813,4.626181602478027
1055,44.42666442076894,fear,14.521177291870117,0.12194889038801193,51.082210540771484,0.19023585319519043,28.729053497314453,0.11631562560796738,5.239052772521973
1060,44.637217332715714,fear,8.110711097717285,0.4328455924987793,90.6185073852539,0.4753313958644867,0.24624325335025787,0.10649055987596512,0.00987048726528883
1065,44.847770244662485,happy,0.0031627872958779335,0.0008772480068728328,25.55939483642578,39.85286331176758,16.69469451904297,0.004586826078593731,17.884418487548828
1070,45.058323156609255,happy,0.047371506690979004,0.05892769992351532,26.610694885253906,35.36127853393555,26.212810516357422,0.0007490640273317695,11.708165168762207
1075,45.268876068556025,sad,0.416932612657547,2.9641709327697754,19.196107864379883,9.585497856140137,39.55400085449219,0.00445569958537817,28.278833389282227
1080,45.4794289805028,happy,0.034130461513996124,0.4861779510974884,25.979461669921875,39.74102020263672,3.4051618576049805,0.013781354762613773,30.340269088745117
1085,45.68998189244957,happy,0.07208804041147232,0.28298115730285645,22.489763259887695,43.006900787353516,15.495438575744629,0.011349831707775593,18.641477584838867
1090,45.900534804396344,happy,0.06829369068145752,0.19669201970100403,28.13372802734375,37.269283294677734,16.78534507751465,0.005759286228567362,17.540908813476562
1095,46.111087716343114,surprise,0.00046402556472457945,4.9533472434859505e-08,0.18527987599372864,0.0010415732394903898,2.241893525933847e-06,99.81321716308594,4.447383901151625e-07
1100,46.32164062828989,surprise,0.0035904196556657553,7.060713755890902e-07,0.7863980531692505,0.004003882873803377,1.3668056453752797e-05,99.20599365234375,6.0499237406475e-06
1105,46.53219354023666,surprise,0.012349159456789494,2.1018429379182635e-06,1.7724902629852295,0.00871867686510086,4.550620724330656e-05,98.20637512207031,1.6980766304186545e-05
1110,46.74274645218343,surprise,0.06755048781633377,3.405845563975163e-05,3.4590299129486084,0.06936521828174591,0.001499969745054841,96.40235137939453,0.0001721242442727089
1115,46.9532993641302,surprise,0.029358210042119026,1.3401265277934726e-05,3.2386887073516846,0.13517256081104279,0.001737111364491284,96.59491729736328,0.00011731770791811869
1120,47.16385227607698,surprise,0.003275530179962516,1.2706364032055717e-06,0.6179532408714294,0.006471495144069195,2.9837216061423533e-05,99.37226104736328,3.94475046050502e-06
1125,47.37440518802375,surprise,0.06860142946243286,1.4430144801735878e-05,1.361535668373108,0.019935443997383118,0.0002518264518585056,98.54964447021484,2.38108987105079e-05
1130,47.58495809997052,surprise,0.021730035543441772,6.04314163865638e-06,1.5043898820877075,0.02435782365500927,0.0005271344562061131,98.44896697998047,2.3240434529725462e-05
1135,47.7955110119173,surprise,0.08734835684299469,0.0004751416854560375,7.241455554962158,0.07440947741270065,0.0012636232422664762,92.59500885009766,3.448989082244225e-05
1140,48.00606392386407,surprise,0.00763859273865819,1.7304848370258696e-05,2.955018997192383,0.032952163368463516,0.0001856763119576499,97.00418853759766,2.789700829453068e-06
1145,48.21661683581084,happy,0.0008315243758261204,2.5341697096337157e-07,8.06467687652912e-06,97.04930877685547,0.004726116079837084,0.0006598306354135275,2.9444692134857178
1150,48.42716974775761,happy,3.6340511542221066e-06,2.000201913820998e-11,1.405217187055996e-08,99.32728576660156,3.950170867028646e-05,7.617054961883696e-06,0.672651469707489
1155,48.63772265970439,happy,0.000519205117598176,1.0017491725022865e-08,4.089304638910107e-05,81.18009948730469,0.01069759763777256,0.000430343730840832,18.808212280273438
1160,48.84827557165116,happy,0.00014502958219964057,2.479428395929517e-08,5.092823630548082e-05,96.9811782836914,0.0028863558545708656,0.000687316176481545,3.015054941177368
1165,49.05882848359793,neutral,0.19086532294750214,8.847330690286981e-08,0.01746911182999611,42.471107482910156,0.03666547313332558,0.004956515971571207,57.27893829345703
1170,49.2693813955447,fear,17.0408992767334,0.0013935895403847098,41.747432708740234,18.36797332763672,0.15528078377246857,0.31403154134750366,22.37299346923828
1175,49.479934307491476,fear,1.2115578651428223,0.09463933855295181,97.80199432373047,0.010559728369116783,0.6760147213935852,0.16729657351970673,0.03793269023299217
1180,49.690487219438246,neutral,1.6847189664840698,0.18341988325119019,14.140852928161621,0.5857921838760376,8.85565185546875,0.0043341657146811485,74.54522705078125
1185,49.90104013138502,happy,8.275925438283593e-07,3.044532832063851e-06,0.00011809052375610918,99.83969116210938,0.005178937688469887,2.1265081159071997e-05,0.1549871414899826
1190,50.11159304333179,happy,4.983584858564427e-06,8.084170417532732e-07,1.7301664456681465e-06,98.81310272216797,0.0008736035670153797,2.7883499569725245e-05,1.1859890222549438
1195,50.322145955278565,happy,3.3569513391285e-08,1.0954068763169289e-08,4.9710706662153825e-06,98.54523468017578,0.00013365109043661505,1.399240090904641e-06,1.4546232223510742
1200,50.532698867225335,happy,7.009163915938643e-09,6.778871908252881e-10,1.568658262840472e-05,99.95655059814453,3.4600052458699793e-06,1.195223717331828e-06,0.04342527315020561
1205,50.743251779172105,happy,7.067959995055162e-09,2.1074261780107406e-10,1.1818800885521341e-05,99.95953369140625,1.8321795778319938e-06,7.068748573146877e-07,0.0404522679746151
1210,50.953804691118876,happy,1.0476907341683273e-08,3.632431022637661e-10,3.201874642400071e-05,99.95926666259766,2.1392775124695618e-06,5.810366019431967e-07,0.040703196078538895
1215,51.16435760306565,happy,1.0470455436006887e-07,5.200072816791135e-09,1.7805685274652205e-05,99.94340515136719,7.310051387321437e-06,8.641352906124666e-06,0.0565616711974144
1220,51.374910515012424,happy,1.205578712415445e-07,1.2192446163794557e-08,2.104412305925507e-05,99.94168090820312,1.3376840797718614e-05,7.685205673624296e-06,0.05828108638525009
1225,51.585463426959194,happy,2.2267056465352653e-07,2.6547377629526636e-08,2.6903473553829826e-05,99.86640167236328,2.2311802240437828e-05,1.794101990526542e-05,0.13352613151073456
1230,51.796016338905964,happy,1.346935789570125e-07,1.3922249131326225e-08,1.381304446113063e-05,99.85481262207031,1.664117917243857e-05,1.3927900909038726e-05,0.1451534628868103
1235,52.00656925085274,happy,4.5245425184248234e-08,1.739003829825947e-09,3.75257673113083e-06,99.79307556152344,5.786873316537822e-06,5.604937086900463e-06,0.2069040685892105
1240,52.21712216279951,happy,1.1720859838248998e-08,1.6420885484702552e-10,5.651736501022242e-07,99.87490844726562,1.4985505458753323e-06,1.6796802810858935e-06,0.12509360909461975
1245,52.42767507474628,happy,1.9776896786893872e-10,2.24846768807907e-12,8.529689807801333e-07,99.85829162597656,3.250393376674765e-07,7.712001348636477e-08,0.14169874787330627
1250,52.63822798669305,happy,6.778663741435764e-10,1.9175456361653076e-11,2.2084575945768847e-08,99.87706756591797,4.1238430981138663e-07,8.984527966049427e-08,0.12293373048305511
1255,52.84878089863983,happy,2.7310341010888806e-07,5.2978766262867794e-08,7.05741558704176e-06,98.1446533203125,7.104704127414152e-05,1.0138186553376727e-05,1.8552613258361816
1260,53.0593338105866,happy,7.048169692325246e-08,7.106826842573355e-07,6.521336763398722e-05,95.96942138671875,0.0005394401377998292,5.66020480619045e-06,4.029965877532959
1265,53.26988672253337,neutral,0.014750272035598755,1.3493090200711322e-08,4.91897439956665,1.3792532682418823,1.6114428043365479,0.0012406182941049337,92.0743408203125
1270,53.48043963448014,happy,2.1583189209195552e-06,2.6265661290381104e-05,0.00028181562083773315,88.6681900024414,0.0047030677087605,5.6731823860900477e-05,11.32674503326416
1275,53.69099254642692,happy,5.710240884582163e-07,1.3579979167843703e-05,0.0004185459984000772,82.04419708251953,0.004267011769115925,4.0887673094403e-05,17.951061248779297
1280,53.90154545837369,happy,2.125968649124843e-06,0.00010652185301296413,0.002159347990527749,83.33612823486328,0.015856748446822166,0.00025184222613461316,16.645503997802734
1285,54.11209837032046,happy,8.196117278203019e-07,0.00011056684888899326,0.004491543862968683,89.5361099243164,0.04419446736574173,0.0002175161789637059,10.414871215820312
1290,54.32265128226723,neutral,0.22162331640720367,7.117763090036533e-08,2.2162673473358154,0.7933787107467651,0.5448349118232727,0.0023832349106669426,96.22151184082031
1295,54.53320419421401,happy,4.349032224126859e-06,0.0005287971580401063,0.004770034458488226,94.32032012939453,0.07528233528137207,0.00010323996684746817,5.598999977111816
1300,54.74375710616078,happy,7.103665211616317e-06,0.0006585342343896627,0.003998902626335621,93.23921966552734,0.06996539980173111,0.00018638765322975814,6.685964107513428
1305,54.95431001810755,happy,4.895223355561029e-06,0.00014177319826558232,0.0012473668903112411,96.42964172363281,0.02420329675078392,0.00014124040899332613,3.5446155071258545
1310,55.164862930054326,fear,0.0008676304132677615,3.079502761539786e-17,99.75149536132812,5.770847256967277e-19,0.16086289286613464,7.462473305963613e-09,0.08676975220441818
1315,55.3754158420011,fear,0.030179046094417572,6.684176538289079e-17,98.78814697265625,4.437341740049875e-18,0.622969925403595,3.656765912296578e-08,0.5587095022201538
1320,55.58596875394787,fear,0.09809262305498123,6.959477466269998e-17,98.5015869140625,1.4735511237305392e-17,0.5991613864898682,6.128656471204863e-10,0.8011605739593506
1325,55.79652166589464,fear,0.0888611227273941,3.0616124992514893e-16,99.14508056640625,2.8030901028155964e-17,0.49917617440223694,4.3888512268885904e-10,0.2668790817260742
1330,56.007074577841415,fear,0.06291918456554413,2.2313628216327633e-15,99.06459045410156,3.3829410652373086e-17,0.6842063069343567,8.065747514329757e-10,0.18828928470611572
1335,56.217627489788185,fear,0.09354110062122345,9.168056938624325e-14,99.64595794677734,1.0847941426365168e-15,0.23639720678329468,2.7833546231703643e-11,0.024107271805405617
1340,56.428180401734956,fear,0.25325408577919006,1.4340378927737985e-12,98.46646118164062,4.269277717672748e-15,1.2411706447601318,8.957312322421807e-12,0.03911185637116432
1345,56.638733313681726,angry,48.41197967529297,4.488681497605285e-06,6.937823295593262,2.26556427562535e-14,44.26171112060547,5.493469221184988e-11,0.3884817957878113
1350,56.849286225628504,sad,42.400169372558594,3.728500450961292e-05,2.1398274898529053,1.0744787085894755e-13,54.734954833984375,3.3507027707990744e-10,0.7250151634216309
1355,57.059839137575274,sad,30.242847442626953,8.401390914514195e-06,2.564155340194702,1.956023538941202e-14,66.39114379882812,5.475784322500621e-12,0.8018414378166199
1360,57.270392049522044,sad,0.013637206517159939,0.003812269540503621,36.62586212158203,2.455544378943131e-10,63.352596282958984,2.7843181861671173e-13,0.0040976363234221935
1365,57.480944961468815,sad,0.07015667110681534,0.0024367866571992636,29.580955505371094,4.3115036874041834e-08,70.26568603515625,6.814499659002493e-11,0.0807599201798439
1370,57.69149787341559,sad,0.09326488524675369,0.0021384130232036114,27.965423583984375,2.0407311751569068e-07,71.76514434814453,2.297776136028773e-10,0.17403599619865417
1375,57.90205078536236,sad,0.0976255014538765,0.002192484214901924,28.232219696044922,2.2626505824518972e-07,71.48762512207031,2.6054933210950537e-10,0.18034325540065765
1380,58.11260369730913,sad,0.09604211151599884,0.0020881518721580505,28.36606216430664,2.1137091721357137e-07,71.36009216308594,2.4024723876969745e-10,0.1757183074951172
1385,58.3231566092559,sad,0.09760439395904541,0.0021322204265743494,28.483911514282227,2.2948013622681174e-07,71.2322006225586,2.6454807788844903e-10,0.1841522753238678
1390,58.53370952120268,fear,1.7639133155413628e-13,6.060210596371651e-23,99.7892074584961,7.631768106364234e-09,0.21079137921333313,1.6861714895375477e-20,6.649820250004268e-09
1395,58.74426243314945,fear,1.7682947120456483e-13,6.108144940416501e-23,99.79086303710938,7.715923011630821e-09,0.20914366841316223,1.6375843220728607e-20,6.383732653603147e-09
1400,58.95481534509622,fear,1.8006134235547255e-13,6.27459396032941e-23,99.79005432128906,7.742736229943148e-09,0.20994512736797333,1.676136431614087e-20,6.468546143167941e-09
1405,59.16536825704299,fear,1.834030296339259e-13,6.338113040417806e-23,99.7879409790039,7.575834182205199e-09,0.21206621825695038,1.7228729440169e-20,6.77356082334768e-09
1410,59.37592116898977,fear,1.8386969735401798e-13,6.434221542222692e-23,99.7933349609375,7.775698307455059e-09,0.20666983723640442,1.748991171858262e-20,6.7308212337025e-09
1415,59.58647408093654,fear,1.8323924734324482e-13,6.336972032004495e-23,99.78862762451172,7.570656990196767e-09,0.2113739252090454,1.7264178653060872e-20,6.76656997100622e-09
1420,59.79702699288331,fear,1.8555065795476666e-13,6.601258736826535e-23,99.79776763916016,7.626630882384688e-09,0.2022329419851303,1.6941823783409543e-20,6.4465424109982905e-09
1425,60.00757990483008,angry,81.55339050292969,0.0018641699571162462,0.06493993103504181,2.149195909500122,3.151336908340454,2.977825403213501,10.101449966430664
1430,60.21813281677686,angry,81.55339050292969,0.0018641699571162462,0.06493993103504181,2.149195909500122,3.151336908340454,2.977825403213501,10.101449966430664
